subject,predicate,object
http://www.wikidata.org/entity/Q117130193,composers_URIs,http://www.wikidata.org/entity/Q6382705
http://www.wikidata.org/entity/Q124708001,composers_URIs,nan
http://www.wikidata.org/entity/Q127763750,composers_URIs,nan
http://www.wikidata.org/entity/Q123758925,composers_URIs,http://www.wikidata.org/entity/Q115016030
http://www.wikidata.org/entity/Q123783550,composers_URIs,nan
http://www.wikidata.org/entity/Q111941144,composers_URIs,nan
http://www.wikidata.org/entity/Q122203155,composers_URIs,nan
http://www.wikidata.org/entity/Q123259395,composers_URIs,http://www.wikidata.org/entity/Q30174220
http://www.wikidata.org/entity/Q124370507,composers_URIs,http://www.wikidata.org/entity/Q313540
http://www.wikidata.org/entity/Q117287129,composers_URIs,nan
http://www.wikidata.org/entity/Q127628439,composers_URIs,nan
http://www.wikidata.org/entity/Q124246343,composers_URIs,nan
http://www.wikidata.org/entity/Q122723743,composers_URIs,http://www.wikidata.org/entity/Q122171608
http://www.wikidata.org/entity/Q112054623,composers_URIs,http://www.wikidata.org/entity/Q1544277
http://www.wikidata.org/entity/Q130477367,composers_URIs,http://www.wikidata.org/entity/Q3013131
http://www.wikidata.org/entity/Q125693182,composers_URIs,nan
http://www.wikidata.org/entity/Q122703295,composers_URIs,nan
http://www.wikidata.org/entity/Q117014906,composers_URIs,http://www.wikidata.org/entity/Q641975
http://www.wikidata.org/entity/Q116361132,composers_URIs,http://www.wikidata.org/entity/Q112757067
http://www.wikidata.org/entity/Q124285697,composers_URIs,http://www.wikidata.org/entity/Q6105219
http://www.wikidata.org/entity/Q129652261,composers_URIs,nan
http://www.wikidata.org/entity/Q125858197,composers_URIs,nan
http://www.wikidata.org/entity/Q120188885,composers_URIs,nan
http://www.wikidata.org/entity/Q124335954,composers_URIs,http://www.wikidata.org/entity/Q484572
http://www.wikidata.org/entity/Q121091587,composers_URIs,http://www.wikidata.org/entity/Q1340657
http://www.wikidata.org/entity/Q129255850,composers_URIs,nan
http://www.wikidata.org/entity/Q122964827,composers_URIs,nan
http://www.wikidata.org/entity/Q127869960,composers_URIs,nan
http://www.wikidata.org/entity/Q121076570,composers_URIs,http://www.wikidata.org/entity/Q360399
http://www.wikidata.org/entity/Q116692764,composers_URIs,http://www.wikidata.org/entity/Q124747800
http://www.wikidata.org/entity/Q113012523,composers_URIs,http://www.wikidata.org/entity/Q5070897
http://www.wikidata.org/entity/Q125485552,composers_URIs,nan
http://www.wikidata.org/entity/Q125295777,composers_URIs,nan
http://www.wikidata.org/entity/Q130616239,composers_URIs,nan
http://www.wikidata.org/entity/Q116141854,composers_URIs,nan
http://www.wikidata.org/entity/Q124547601,composers_URIs,http://www.wikidata.org/entity/Q4758985
http://www.wikidata.org/entity/Q130641055,composers_URIs,nan
http://www.wikidata.org/entity/Q115993222,composers_URIs,http://www.wikidata.org/entity/Q926078
http://www.wikidata.org/entity/Q125935870,composers_URIs,nan
http://www.wikidata.org/entity/Q125504091,composers_URIs,http://www.wikidata.org/entity/Q20865224
http://www.wikidata.org/entity/Q128694739,composers_URIs,nan
http://www.wikidata.org/entity/Q129757759,composers_URIs,nan
http://www.wikidata.org/entity/Q112865585,composers_URIs,http://www.wikidata.org/entity/Q75585950
http://www.wikidata.org/entity/Q130261793,composers_URIs,nan
http://www.wikidata.org/entity/Q127402346,composers_URIs,nan
http://www.wikidata.org/entity/Q116701124,composers_URIs,http://www.wikidata.org/entity/Q91573
http://www.wikidata.org/entity/Q123784984,composers_URIs,nan
http://www.wikidata.org/entity/Q117774966,composers_URIs,nan
http://www.wikidata.org/entity/Q118414983,composers_URIs,nan
http://www.wikidata.org/entity/Q120986976,composers_URIs,http://www.wikidata.org/entity/Q621437
http://www.wikidata.org/entity/Q131320483,composers_URIs,nan
http://www.wikidata.org/entity/Q116178692,composers_URIs,http://www.wikidata.org/entity/Q6078096
http://www.wikidata.org/entity/Q28719777,composers_URIs,nan
http://www.wikidata.org/entity/Q115367024,composers_URIs,nan
http://www.wikidata.org/entity/Q125507012,composers_URIs,nan
http://www.wikidata.org/entity/Q123185886,composers_URIs,http://www.wikidata.org/entity/Q465754
http://www.wikidata.org/entity/Q127784078,composers_URIs,nan
http://www.wikidata.org/entity/Q114073140,composers_URIs,http://www.wikidata.org/entity/Q3190419
http://www.wikidata.org/entity/Q61989802,composers_URIs,nan
http://www.wikidata.org/entity/Q104144784,composers_URIs,nan
http://www.wikidata.org/entity/Q124844671,composers_URIs,nan
http://www.wikidata.org/entity/Q123976167,composers_URIs,nan
http://www.wikidata.org/entity/Q125256467,composers_URIs,nan
http://www.wikidata.org/entity/Q124416533,composers_URIs,http://www.wikidata.org/entity/Q4760736
http://www.wikidata.org/entity/Q73537958,composers_URIs,http://www.wikidata.org/entity/Q155124
http://www.wikidata.org/entity/Q113371337,composers_URIs,http://www.wikidata.org/entity/Q2279286
http://www.wikidata.org/entity/Q128307093,composers_URIs,nan
http://www.wikidata.org/entity/Q124460441,composers_URIs,nan
http://www.wikidata.org/entity/Q125830099,composers_URIs,nan
http://www.wikidata.org/entity/Q124847978,composers_URIs,nan
http://www.wikidata.org/entity/Q109228976,composers_URIs,nan
http://www.wikidata.org/entity/Q125716975,composers_URIs,http://www.wikidata.org/entity/Q111175193
http://www.wikidata.org/entity/Q125716975,composers_URIs,http://www.wikidata.org/entity/Q4792223
http://www.wikidata.org/entity/Q124098360,composers_URIs,nan
http://www.wikidata.org/entity/Q124250971,composers_URIs,http://www.wikidata.org/entity/Q124395843
http://www.wikidata.org/entity/Q126326956,composers_URIs,nan
http://www.wikidata.org/entity/Q4177246,composers_URIs,http://www.wikidata.org/entity/Q1691004
http://www.wikidata.org/entity/Q124537941,composers_URIs,nan
http://www.wikidata.org/entity/Q123169098,composers_URIs,nan
http://www.wikidata.org/entity/Q121767976,composers_URIs,http://www.wikidata.org/entity/Q111820850
http://www.wikidata.org/entity/Q131312961,composers_URIs,nan
http://www.wikidata.org/entity/Q124153295,composers_URIs,http://www.wikidata.org/entity/Q115869708
http://www.wikidata.org/entity/Q116771236,composers_URIs,http://www.wikidata.org/entity/Q1658300
http://www.wikidata.org/entity/Q112114745,composers_URIs,http://www.wikidata.org/entity/Q18352835
http://www.wikidata.org/entity/Q129456972,composers_URIs,nan
http://www.wikidata.org/entity/Q123861757,composers_URIs,nan
http://www.wikidata.org/entity/Q118384190,composers_URIs,nan
http://www.wikidata.org/entity/Q126165460,composers_URIs,http://www.wikidata.org/entity/Q126377597
http://www.wikidata.org/entity/Q116771180,composers_URIs,nan
http://www.wikidata.org/entity/Q113650759,composers_URIs,http://www.wikidata.org/entity/Q608628
http://www.wikidata.org/entity/Q114703286,composers_URIs,nan
http://www.wikidata.org/entity/Q125448417,composers_URIs,nan
http://www.wikidata.org/entity/Q116431968,composers_URIs,http://www.wikidata.org/entity/Q43268790
http://www.wikidata.org/entity/Q113488690,composers_URIs,http://www.wikidata.org/entity/Q297232
http://www.wikidata.org/entity/Q111458251,composers_URIs,http://www.wikidata.org/entity/Q282722
http://www.wikidata.org/entity/Q111458251,composers_URIs,http://www.wikidata.org/entity/Q520346
http://www.wikidata.org/entity/Q130381565,composers_URIs,nan
http://www.wikidata.org/entity/Q125925221,composers_URIs,nan
http://www.wikidata.org/entity/Q115405596,composers_URIs,nan
http://www.wikidata.org/entity/Q120900212,composers_URIs,http://www.wikidata.org/entity/Q3615698
http://www.wikidata.org/entity/Q112183404,composers_URIs,nan
http://www.wikidata.org/entity/Q116246102,composers_URIs,nan
http://www.wikidata.org/entity/Q115860236,composers_URIs,http://www.wikidata.org/entity/Q15885378
http://www.wikidata.org/entity/Q124814758,composers_URIs,nan
http://www.wikidata.org/entity/Q112054671,composers_URIs,nan
http://www.wikidata.org/entity/Q118175825,composers_URIs,nan
http://www.wikidata.org/entity/Q117816797,composers_URIs,nan
http://www.wikidata.org/entity/Q129583272,composers_URIs,nan
http://www.wikidata.org/entity/Q116394284,composers_URIs,http://www.wikidata.org/entity/Q153172
http://www.wikidata.org/entity/Q116675851,composers_URIs,http://www.wikidata.org/entity/Q124407508
http://www.wikidata.org/entity/Q126734843,composers_URIs,nan
http://www.wikidata.org/entity/Q125897105,composers_URIs,nan
http://www.wikidata.org/entity/Q120487741,composers_URIs,nan
http://www.wikidata.org/entity/Q125501249,composers_URIs,nan
http://www.wikidata.org/entity/Q24797403,composers_URIs,http://www.wikidata.org/entity/Q313540
http://www.wikidata.org/entity/Q125400788,composers_URIs,nan
http://www.wikidata.org/entity/Q116025865,composers_URIs,nan
http://www.wikidata.org/entity/Q124257357,composers_URIs,nan
http://www.wikidata.org/entity/Q117945866,composers_URIs,nan
http://www.wikidata.org/entity/Q127386034,composers_URIs,nan
http://www.wikidata.org/entity/Q85847274,composers_URIs,http://www.wikidata.org/entity/Q982952
http://www.wikidata.org/entity/Q123223028,composers_URIs,nan
http://www.wikidata.org/entity/Q124365154,composers_URIs,http://www.wikidata.org/entity/Q19904202
http://www.wikidata.org/entity/Q124848151,composers_URIs,nan
http://www.wikidata.org/entity/Q123353613,composers_URIs,nan
http://www.wikidata.org/entity/Q124320665,composers_URIs,http://www.wikidata.org/entity/Q124357029
http://www.wikidata.org/entity/Q116027468,composers_URIs,http://www.wikidata.org/entity/Q91325179
http://www.wikidata.org/entity/Q116745152,composers_URIs,http://www.wikidata.org/entity/Q19668232
http://www.wikidata.org/entity/Q118309891,composers_URIs,http://www.wikidata.org/entity/Q123371087
http://www.wikidata.org/entity/Q124255913,composers_URIs,nan
http://www.wikidata.org/entity/Q117425181,composers_URIs,http://www.wikidata.org/entity/Q4980674
http://www.wikidata.org/entity/Q115859045,composers_URIs,nan
http://www.wikidata.org/entity/Q131137159,composers_URIs,nan
http://www.wikidata.org/entity/Q131154650,composers_URIs,nan
http://www.wikidata.org/entity/Q127727208,composers_URIs,nan
http://www.wikidata.org/entity/Q123139679,composers_URIs,http://www.wikidata.org/entity/Q1106645
http://www.wikidata.org/entity/Q123139679,composers_URIs,http://www.wikidata.org/entity/Q3176488
http://www.wikidata.org/entity/Q113677881,composers_URIs,http://www.wikidata.org/entity/Q6078096
http://www.wikidata.org/entity/Q105952623,composers_URIs,http://www.wikidata.org/entity/Q91573
http://www.wikidata.org/entity/Q105952623,composers_URIs,http://www.wikidata.org/entity/Q3176338
http://www.wikidata.org/entity/Q115478286,composers_URIs,nan
http://www.wikidata.org/entity/Q112683565,composers_URIs,http://www.wikidata.org/entity/Q317272
http://www.wikidata.org/entity/Q128796709,composers_URIs,nan
http://www.wikidata.org/entity/Q124337178,composers_URIs,nan
http://www.wikidata.org/entity/Q107299023,composers_URIs,http://www.wikidata.org/entity/Q4767345
http://www.wikidata.org/entity/Q101245261,composers_URIs,nan
http://www.wikidata.org/entity/Q124847512,composers_URIs,nan
http://www.wikidata.org/entity/Q124850164,composers_URIs,nan
http://www.wikidata.org/entity/Q112054990,composers_URIs,nan
http://www.wikidata.org/entity/Q129836719,composers_URIs,http://www.wikidata.org/entity/Q1888492
http://www.wikidata.org/entity/Q124968969,composers_URIs,nan
http://www.wikidata.org/entity/Q123582987,composers_URIs,http://www.wikidata.org/entity/Q4964139
http://www.wikidata.org/entity/Q123582987,composers_URIs,http://www.wikidata.org/entity/Q1174756
http://www.wikidata.org/entity/Q125814469,composers_URIs,nan
http://www.wikidata.org/entity/Q124610204,composers_URIs,nan
http://www.wikidata.org/entity/Q116678683,composers_URIs,http://www.wikidata.org/entity/Q608628
http://www.wikidata.org/entity/Q125473287,composers_URIs,nan
http://www.wikidata.org/entity/Q124736440,composers_URIs,nan
http://www.wikidata.org/entity/Q129675920,composers_URIs,http://www.wikidata.org/entity/Q155124
http://www.wikidata.org/entity/Q119882908,composers_URIs,nan
http://www.wikidata.org/entity/Q125968859,composers_URIs,nan
http://www.wikidata.org/entity/Q101093410,composers_URIs,nan
http://www.wikidata.org/entity/Q117769481,composers_URIs,http://www.wikidata.org/entity/Q374754
http://www.wikidata.org/entity/Q124152247,composers_URIs,nan
http://www.wikidata.org/entity/Q124841933,composers_URIs,nan
http://www.wikidata.org/entity/Q125948108,composers_URIs,nan
http://www.wikidata.org/entity/Q113380226,composers_URIs,http://www.wikidata.org/entity/Q7282546
http://www.wikidata.org/entity/Q124850759,composers_URIs,nan
http://www.wikidata.org/entity/Q124642832,composers_URIs,nan
http://www.wikidata.org/entity/Q124077893,composers_URIs,nan
http://www.wikidata.org/entity/Q113212962,composers_URIs,http://www.wikidata.org/entity/Q113451486
http://www.wikidata.org/entity/Q114314695,composers_URIs,http://www.wikidata.org/entity/Q16734003
http://www.wikidata.org/entity/Q126184078,composers_URIs,nan
http://www.wikidata.org/entity/Q100361125,composers_URIs,http://www.wikidata.org/entity/Q266429
http://www.wikidata.org/entity/Q126184471,composers_URIs,nan
http://www.wikidata.org/entity/Q115474889,composers_URIs,http://www.wikidata.org/entity/Q505995
http://www.wikidata.org/entity/Q123944616,composers_URIs,nan
http://www.wikidata.org/entity/Q117037697,composers_URIs,nan
http://www.wikidata.org/entity/Q115175910,composers_URIs,http://www.wikidata.org/entity/Q701257
http://www.wikidata.org/entity/Q123690382,composers_URIs,nan
http://www.wikidata.org/entity/Q119718080,composers_URIs,nan
http://www.wikidata.org/entity/Q121482803,composers_URIs,nan
http://www.wikidata.org/entity/Q124843645,composers_URIs,nan
http://www.wikidata.org/entity/Q116470610,composers_URIs,nan
http://www.wikidata.org/entity/Q130298069,composers_URIs,nan
http://www.wikidata.org/entity/Q123345219,composers_URIs,nan
http://www.wikidata.org/entity/Q124249583,composers_URIs,nan
http://www.wikidata.org/entity/Q113572020,composers_URIs,http://www.wikidata.org/entity/Q105582471
http://www.wikidata.org/entity/Q130164694,composers_URIs,nan
http://www.wikidata.org/entity/Q120001910,composers_URIs,http://www.wikidata.org/entity/Q25344954
http://www.wikidata.org/entity/Q123185887,composers_URIs,nan
http://www.wikidata.org/entity/Q130304875,composers_URIs,nan
http://www.wikidata.org/entity/Q118214971,composers_URIs,http://www.wikidata.org/entity/Q126079166
http://www.wikidata.org/entity/Q124844804,composers_URIs,nan
http://www.wikidata.org/entity/Q124844877,composers_URIs,nan
http://www.wikidata.org/entity/Q130392693,composers_URIs,nan
http://www.wikidata.org/entity/Q73792046,composers_URIs,nan
http://www.wikidata.org/entity/Q124844963,composers_URIs,nan
http://www.wikidata.org/entity/Q124845026,composers_URIs,nan
http://www.wikidata.org/entity/Q115577183,composers_URIs,nan
http://www.wikidata.org/entity/Q116470707,composers_URIs,nan
http://www.wikidata.org/entity/Q125213955,composers_URIs,http://www.wikidata.org/entity/Q111777
http://www.wikidata.org/entity/Q115932556,composers_URIs,http://www.wikidata.org/entity/Q6056440
http://www.wikidata.org/entity/Q124845098,composers_URIs,nan
http://www.wikidata.org/entity/Q117272474,composers_URIs,nan
http://www.wikidata.org/entity/Q118323603,composers_URIs,http://www.wikidata.org/entity/Q4757512
http://www.wikidata.org/entity/Q125448412,composers_URIs,nan
http://www.wikidata.org/entity/Q124214428,composers_URIs,nan
http://www.wikidata.org/entity/Q123701240,composers_URIs,nan
http://www.wikidata.org/entity/Q122888679,composers_URIs,nan
http://www.wikidata.org/entity/Q129255501,composers_URIs,nan
http://www.wikidata.org/entity/Q116638627,composers_URIs,http://www.wikidata.org/entity/Q251144
http://www.wikidata.org/entity/Q124151798,composers_URIs,nan
http://www.wikidata.org/entity/Q121572304,composers_URIs,nan
http://www.wikidata.org/entity/Q130297667,composers_URIs,http://www.wikidata.org/entity/Q5675280
http://www.wikidata.org/entity/Q113300899,composers_URIs,nan
http://www.wikidata.org/entity/Q123784770,composers_URIs,http://www.wikidata.org/entity/Q120968202
http://www.wikidata.org/entity/Q102180106,composers_URIs,http://www.wikidata.org/entity/Q7340551
http://www.wikidata.org/entity/Q127688495,composers_URIs,nan
http://www.wikidata.org/entity/Q126280812,composers_URIs,nan
http://www.wikidata.org/entity/Q130531369,composers_URIs,nan
http://www.wikidata.org/entity/Q124340422,composers_URIs,http://www.wikidata.org/entity/Q124433599
http://www.wikidata.org/entity/Q131180961,composers_URIs,http://www.wikidata.org/entity/Q11993543
http://www.wikidata.org/entity/Q131180961,composers_URIs,http://www.wikidata.org/entity/Q16179288
http://www.wikidata.org/entity/Q121273737,composers_URIs,nan
http://www.wikidata.org/entity/Q124334456,composers_URIs,http://www.wikidata.org/entity/Q103996989
http://www.wikidata.org/entity/Q115766625,composers_URIs,http://www.wikidata.org/entity/Q326604
http://www.wikidata.org/entity/Q126393406,composers_URIs,nan
http://www.wikidata.org/entity/Q116032682,composers_URIs,http://www.wikidata.org/entity/Q1345338
http://www.wikidata.org/entity/Q124848124,composers_URIs,nan
http://www.wikidata.org/entity/Q124848219,composers_URIs,nan
http://www.wikidata.org/entity/Q113043714,composers_URIs,http://www.wikidata.org/entity/Q5218424
http://www.wikidata.org/entity/Q124739624,composers_URIs,nan
http://www.wikidata.org/entity/Q124848239,composers_URIs,nan
http://www.wikidata.org/entity/Q130615214,composers_URIs,nan
http://www.wikidata.org/entity/Q123241538,composers_URIs,nan
http://www.wikidata.org/entity/Q130301615,composers_URIs,nan
http://www.wikidata.org/entity/Q112609799,composers_URIs,http://www.wikidata.org/entity/Q1086291
http://www.wikidata.org/entity/Q121515216,composers_URIs,nan
http://www.wikidata.org/entity/Q124354651,composers_URIs,nan
http://www.wikidata.org/entity/Q108179022,composers_URIs,nan
http://www.wikidata.org/entity/Q130752116,composers_URIs,nan
http://www.wikidata.org/entity/Q123022311,composers_URIs,http://www.wikidata.org/entity/Q124816194
http://www.wikidata.org/entity/Q116507926,composers_URIs,http://www.wikidata.org/entity/Q192668
http://www.wikidata.org/entity/Q116507926,composers_URIs,http://www.wikidata.org/entity/Q383784
http://www.wikidata.org/entity/Q124460663,composers_URIs,nan
http://www.wikidata.org/entity/Q113633105,composers_URIs,nan
http://www.wikidata.org/entity/Q123690367,composers_URIs,nan
http://www.wikidata.org/entity/Q124409344,composers_URIs,http://www.wikidata.org/entity/Q124093807
http://www.wikidata.org/entity/Q131195943,composers_URIs,nan
http://www.wikidata.org/entity/Q123685382,composers_URIs,http://www.wikidata.org/entity/Q952428
http://www.wikidata.org/entity/Q124813590,composers_URIs,nan
http://www.wikidata.org/entity/Q124459714,composers_URIs,http://www.wikidata.org/entity/Q4980674
http://www.wikidata.org/entity/Q124459714,composers_URIs,http://www.wikidata.org/entity/Q4661964
http://www.wikidata.org/entity/Q124445613,composers_URIs,nan
http://www.wikidata.org/entity/Q130928680,composers_URIs,nan
http://www.wikidata.org/entity/Q126687807,composers_URIs,nan
http://www.wikidata.org/entity/Q125572163,composers_URIs,http://www.wikidata.org/entity/Q123338676
http://www.wikidata.org/entity/Q127649952,composers_URIs,nan
http://www.wikidata.org/entity/Q117357033,composers_URIs,http://www.wikidata.org/entity/Q207773
http://www.wikidata.org/entity/Q124849811,composers_URIs,nan
http://www.wikidata.org/entity/Q124849849,composers_URIs,nan
http://www.wikidata.org/entity/Q124849742,composers_URIs,nan
http://www.wikidata.org/entity/Q125883403,composers_URIs,http://www.wikidata.org/entity/Q48975
http://www.wikidata.org/entity/Q124849902,composers_URIs,nan
http://www.wikidata.org/entity/Q124849917,composers_URIs,nan
http://www.wikidata.org/entity/Q114870304,composers_URIs,nan
http://www.wikidata.org/entity/Q122933268,composers_URIs,http://www.wikidata.org/entity/Q2964645
http://www.wikidata.org/entity/Q124334205,composers_URIs,http://www.wikidata.org/entity/Q19955958
http://www.wikidata.org/entity/Q124842799,composers_URIs,nan
http://www.wikidata.org/entity/Q118386092,composers_URIs,http://www.wikidata.org/entity/Q5113438
http://www.wikidata.org/entity/Q123856282,composers_URIs,nan
http://www.wikidata.org/entity/Q124850186,composers_URIs,nan
http://www.wikidata.org/entity/Q116469813,composers_URIs,http://www.wikidata.org/entity/Q1603125
http://www.wikidata.org/entity/Q116469813,composers_URIs,http://www.wikidata.org/entity/Q7493389
http://www.wikidata.org/entity/Q111705663,composers_URIs,nan
http://www.wikidata.org/entity/Q120200710,composers_URIs,http://www.wikidata.org/entity/Q27929280
http://www.wikidata.org/entity/Q113903713,composers_URIs,http://www.wikidata.org/entity/Q20709155
http://www.wikidata.org/entity/Q124342189,composers_URIs,nan
http://www.wikidata.org/entity/Q116996004,composers_URIs,http://www.wikidata.org/entity/Q3090257
http://www.wikidata.org/entity/Q118405167,composers_URIs,http://www.wikidata.org/entity/Q799809
http://www.wikidata.org/entity/Q118405167,composers_URIs,http://www.wikidata.org/entity/Q16726244
http://www.wikidata.org/entity/Q121268661,composers_URIs,nan
http://www.wikidata.org/entity/Q124850658,composers_URIs,nan
http://www.wikidata.org/entity/Q124850690,composers_URIs,nan
http://www.wikidata.org/entity/Q124850673,composers_URIs,nan
http://www.wikidata.org/entity/Q124850715,composers_URIs,nan
http://www.wikidata.org/entity/Q107621661,composers_URIs,nan
http://www.wikidata.org/entity/Q124858154,composers_URIs,nan
http://www.wikidata.org/entity/Q22945997,composers_URIs,http://www.wikidata.org/entity/Q16198280
http://www.wikidata.org/entity/Q112057421,composers_URIs,http://www.wikidata.org/entity/Q95770518
http://www.wikidata.org/entity/Q126368697,composers_URIs,nan
http://www.wikidata.org/entity/Q125585520,composers_URIs,nan
http://www.wikidata.org/entity/Q31271357,composers_URIs,http://www.wikidata.org/entity/Q18920
http://www.wikidata.org/entity/Q125585147,composers_URIs,nan
http://www.wikidata.org/entity/Q121555343,composers_URIs,http://www.wikidata.org/entity/Q3294137
http://www.wikidata.org/entity/Q121555343,composers_URIs,http://www.wikidata.org/entity/Q109274403
http://www.wikidata.org/entity/Q123762441,composers_URIs,http://www.wikidata.org/entity/Q124336155
http://www.wikidata.org/entity/Q120970471,composers_URIs,nan
http://www.wikidata.org/entity/Q125400786,composers_URIs,nan
http://www.wikidata.org/entity/Q117753851,composers_URIs,http://www.wikidata.org/entity/Q6125774
http://www.wikidata.org/entity/Q124311946,composers_URIs,nan
http://www.wikidata.org/entity/Q122372523,composers_URIs,http://www.wikidata.org/entity/Q7357291
http://www.wikidata.org/entity/Q115804772,composers_URIs,http://www.wikidata.org/entity/Q162045
http://www.wikidata.org/entity/Q113012026,composers_URIs,http://www.wikidata.org/entity/Q128795808
http://www.wikidata.org/entity/Q115941750,composers_URIs,nan
http://www.wikidata.org/entity/Q127257393,composers_URIs,http://www.wikidata.org/entity/Q465754
http://www.wikidata.org/entity/Q96378044,composers_URIs,http://www.wikidata.org/entity/Q7680718
http://www.wikidata.org/entity/Q119821866,composers_URIs,nan
http://www.wikidata.org/entity/Q126723951,composers_URIs,nan
http://www.wikidata.org/entity/Q124849784,composers_URIs,nan
http://www.wikidata.org/entity/Q131176630,composers_URIs,nan
http://www.wikidata.org/entity/Q86835251,composers_URIs,nan
http://www.wikidata.org/entity/Q125119177,composers_URIs,nan
http://www.wikidata.org/entity/Q119053378,composers_URIs,nan
http://www.wikidata.org/entity/Q124608128,composers_URIs,nan
http://www.wikidata.org/entity/Q124537378,composers_URIs,http://www.wikidata.org/entity/Q5526209
http://www.wikidata.org/entity/Q111918018,composers_URIs,nan
http://www.wikidata.org/entity/Q124257215,composers_URIs,http://www.wikidata.org/entity/Q1336908
http://www.wikidata.org/entity/Q117842595,composers_URIs,nan
http://www.wikidata.org/entity/Q123823795,composers_URIs,nan
http://www.wikidata.org/entity/Q131002546,composers_URIs,nan
http://www.wikidata.org/entity/Q124515188,composers_URIs,nan
http://www.wikidata.org/entity/Q128942948,composers_URIs,nan
http://www.wikidata.org/entity/Q124426108,composers_URIs,http://www.wikidata.org/entity/Q1247603
http://www.wikidata.org/entity/Q118402587,composers_URIs,http://www.wikidata.org/entity/Q4166014
http://www.wikidata.org/entity/Q118402587,composers_URIs,http://www.wikidata.org/entity/Q23762787
http://www.wikidata.org/entity/Q127406421,composers_URIs,nan
http://www.wikidata.org/entity/Q129982579,composers_URIs,nan
http://www.wikidata.org/entity/Q127785559,composers_URIs,nan
http://www.wikidata.org/entity/Q116971313,composers_URIs,http://www.wikidata.org/entity/Q955258
http://www.wikidata.org/entity/Q123690368,composers_URIs,nan
http://www.wikidata.org/entity/Q126198706,composers_URIs,http://www.wikidata.org/entity/Q4400924
http://www.wikidata.org/entity/Q104873310,composers_URIs,nan
http://www.wikidata.org/entity/Q115478490,composers_URIs,nan
http://www.wikidata.org/entity/Q123905431,composers_URIs,http://www.wikidata.org/entity/Q124093807
http://www.wikidata.org/entity/Q130304207,composers_URIs,nan
http://www.wikidata.org/entity/Q126436355,composers_URIs,nan
http://www.wikidata.org/entity/Q124853436,composers_URIs,nan
http://www.wikidata.org/entity/Q113671585,composers_URIs,http://www.wikidata.org/entity/Q43268790
http://www.wikidata.org/entity/Q116029515,composers_URIs,nan
http://www.wikidata.org/entity/Q117437274,composers_URIs,nan
http://www.wikidata.org/entity/Q122335323,composers_URIs,http://www.wikidata.org/entity/Q4980674
http://www.wikidata.org/entity/Q124852786,composers_URIs,nan
http://www.wikidata.org/entity/Q124852844,composers_URIs,nan
http://www.wikidata.org/entity/Q124852853,composers_URIs,nan
http://www.wikidata.org/entity/Q22328140,composers_URIs,nan
http://www.wikidata.org/entity/Q124852877,composers_URIs,nan
http://www.wikidata.org/entity/Q124852899,composers_URIs,nan
http://www.wikidata.org/entity/Q123855936,composers_URIs,nan
http://www.wikidata.org/entity/Q125417902,composers_URIs,nan
http://www.wikidata.org/entity/Q120414395,composers_URIs,http://www.wikidata.org/entity/Q125876576
http://www.wikidata.org/entity/Q120414395,composers_URIs,http://www.wikidata.org/entity/Q125876596
http://www.wikidata.org/entity/Q115115152,composers_URIs,http://www.wikidata.org/entity/Q1045752
http://www.wikidata.org/entity/Q124853379,composers_URIs,nan
http://www.wikidata.org/entity/Q108266237,composers_URIs,http://www.wikidata.org/entity/Q932744
http://www.wikidata.org/entity/Q124853356,composers_URIs,nan
http://www.wikidata.org/entity/Q108628759,composers_URIs,http://www.wikidata.org/entity/Q433734
http://www.wikidata.org/entity/Q124853362,composers_URIs,nan
http://www.wikidata.org/entity/Q124853401,composers_URIs,nan
http://www.wikidata.org/entity/Q124853370,composers_URIs,nan
http://www.wikidata.org/entity/Q124339152,composers_URIs,nan
http://www.wikidata.org/entity/Q124853393,composers_URIs,nan
http://www.wikidata.org/entity/Q124853447,composers_URIs,nan
http://www.wikidata.org/entity/Q124853455,composers_URIs,nan
http://www.wikidata.org/entity/Q124853424,composers_URIs,nan
http://www.wikidata.org/entity/Q117279005,composers_URIs,http://www.wikidata.org/entity/Q1086291
http://www.wikidata.org/entity/Q115707601,composers_URIs,nan
http://www.wikidata.org/entity/Q124711174,composers_URIs,nan
http://www.wikidata.org/entity/Q124393043,composers_URIs,http://www.wikidata.org/entity/Q97308
http://www.wikidata.org/entity/Q117481301,composers_URIs,nan
http://www.wikidata.org/entity/Q125510641,composers_URIs,nan
http://www.wikidata.org/entity/Q119892802,composers_URIs,http://www.wikidata.org/entity/Q7176515
http://www.wikidata.org/entity/Q124052917,composers_URIs,http://www.wikidata.org/entity/Q28839871
http://www.wikidata.org/entity/Q123690193,composers_URIs,http://www.wikidata.org/entity/Q7754679
http://www.wikidata.org/entity/Q124337175,composers_URIs,nan
http://www.wikidata.org/entity/Q122964418,composers_URIs,nan
http://www.wikidata.org/entity/Q124670101,composers_URIs,http://www.wikidata.org/entity/Q48975
http://www.wikidata.org/entity/Q124858233,composers_URIs,nan
http://www.wikidata.org/entity/Q125993682,composers_URIs,nan
http://www.wikidata.org/entity/Q126470645,composers_URIs,nan
http://www.wikidata.org/entity/Q124838870,composers_URIs,http://www.wikidata.org/entity/Q11971821
http://www.wikidata.org/entity/Q118234677,composers_URIs,nan
http://www.wikidata.org/entity/Q113360912,composers_URIs,http://www.wikidata.org/entity/Q266429
http://www.wikidata.org/entity/Q127850158,composers_URIs,nan
http://www.wikidata.org/entity/Q127823593,composers_URIs,nan
http://www.wikidata.org/entity/Q108739806,composers_URIs,nan
http://www.wikidata.org/entity/Q126189109,composers_URIs,nan
http://www.wikidata.org/entity/Q124858065,composers_URIs,nan
http://www.wikidata.org/entity/Q123690415,composers_URIs,http://www.wikidata.org/entity/Q2413003
http://www.wikidata.org/entity/Q104876047,composers_URIs,http://www.wikidata.org/entity/Q43082721
http://www.wikidata.org/entity/Q122781655,composers_URIs,nan
http://www.wikidata.org/entity/Q124419553,composers_URIs,nan
http://www.wikidata.org/entity/Q118196554,composers_URIs,nan
http://www.wikidata.org/entity/Q116257424,composers_URIs,http://www.wikidata.org/entity/Q5214306
http://www.wikidata.org/entity/Q125566469,composers_URIs,nan
http://www.wikidata.org/entity/Q112726939,composers_URIs,http://www.wikidata.org/entity/Q313540
http://www.wikidata.org/entity/Q124459713,composers_URIs,nan
http://www.wikidata.org/entity/Q121891566,composers_URIs,nan
http://www.wikidata.org/entity/Q124320668,composers_URIs,nan
http://www.wikidata.org/entity/Q131399311,composers_URIs,nan
http://www.wikidata.org/entity/Q130319746,composers_URIs,nan
http://www.wikidata.org/entity/Q122226196,composers_URIs,http://www.wikidata.org/entity/Q123560924
http://www.wikidata.org/entity/Q111270010,composers_URIs,http://www.wikidata.org/entity/Q508098
http://www.wikidata.org/entity/Q111270010,composers_URIs,http://www.wikidata.org/entity/Q2373269
http://www.wikidata.org/entity/Q111270010,composers_URIs,http://www.wikidata.org/entity/Q4731217
http://www.wikidata.org/entity/Q111270010,composers_URIs,http://www.wikidata.org/entity/Q19668232
http://www.wikidata.org/entity/Q124051694,composers_URIs,nan
http://www.wikidata.org/entity/Q125510445,composers_URIs,nan
http://www.wikidata.org/entity/Q115707860,composers_URIs,nan
http://www.wikidata.org/entity/Q124694222,composers_URIs,nan
http://www.wikidata.org/entity/Q111677117,composers_URIs,http://www.wikidata.org/entity/Q957964
http://www.wikidata.org/entity/Q124497430,composers_URIs,nan
http://www.wikidata.org/entity/Q130598581,composers_URIs,nan
http://www.wikidata.org/entity/Q126082803,composers_URIs,nan
http://www.wikidata.org/entity/Q113300586,composers_URIs,http://www.wikidata.org/entity/Q360399
http://www.wikidata.org/entity/Q130168568,composers_URIs,nan
http://www.wikidata.org/entity/Q130296657,composers_URIs,nan
http://www.wikidata.org/entity/Q117312560,composers_URIs,http://www.wikidata.org/entity/Q1513322
http://www.wikidata.org/entity/Q126901202,composers_URIs,nan
http://www.wikidata.org/entity/Q123945095,composers_URIs,http://www.wikidata.org/entity/Q2791003
http://www.wikidata.org/entity/Q123353612,composers_URIs,http://www.wikidata.org/entity/Q1174736
http://www.wikidata.org/entity/Q123782116,composers_URIs,http://www.wikidata.org/entity/Q16199394
http://www.wikidata.org/entity/Q115867383,composers_URIs,http://www.wikidata.org/entity/Q5541225
http://www.wikidata.org/entity/Q129983519,composers_URIs,nan
http://www.wikidata.org/entity/Q123144587,composers_URIs,http://www.wikidata.org/entity/Q110832445
http://www.wikidata.org/entity/Q124460438,composers_URIs,nan
http://www.wikidata.org/entity/Q125693263,composers_URIs,nan
http://www.wikidata.org/entity/Q130379771,composers_URIs,nan
http://www.wikidata.org/entity/Q125081677,composers_URIs,nan
http://www.wikidata.org/entity/Q130417696,composers_URIs,nan
http://www.wikidata.org/entity/Q112865900,composers_URIs,http://www.wikidata.org/entity/Q193338
http://www.wikidata.org/entity/Q124843646,composers_URIs,nan
http://www.wikidata.org/entity/Q119506588,composers_URIs,nan
http://www.wikidata.org/entity/Q116032513,composers_URIs,nan
http://www.wikidata.org/entity/Q115932544,composers_URIs,nan
http://www.wikidata.org/entity/Q124605382,composers_URIs,nan
http://www.wikidata.org/entity/Q126680226,composers_URIs,nan
http://www.wikidata.org/entity/Q113668560,composers_URIs,http://www.wikidata.org/entity/Q24951410
http://www.wikidata.org/entity/Q119414655,composers_URIs,nan
http://www.wikidata.org/entity/Q123420922,composers_URIs,http://www.wikidata.org/entity/Q1613705
http://www.wikidata.org/entity/Q130300514,composers_URIs,nan
http://www.wikidata.org/entity/Q126416884,composers_URIs,nan
http://www.wikidata.org/entity/Q113547547,composers_URIs,http://www.wikidata.org/entity/Q48975
http://www.wikidata.org/entity/Q110601765,composers_URIs,http://www.wikidata.org/entity/Q110601982
http://www.wikidata.org/entity/Q125951906,composers_URIs,nan
http://www.wikidata.org/entity/Q30101800,composers_URIs,nan
http://www.wikidata.org/entity/Q116608699,composers_URIs,nan
http://www.wikidata.org/entity/Q127788482,composers_URIs,nan
http://www.wikidata.org/entity/Q126928660,composers_URIs,nan
http://www.wikidata.org/entity/Q123786283,composers_URIs,nan
http://www.wikidata.org/entity/Q114344937,composers_URIs,http://www.wikidata.org/entity/Q91573
http://www.wikidata.org/entity/Q117842576,composers_URIs,http://www.wikidata.org/entity/Q3294137
http://www.wikidata.org/entity/Q130379751,composers_URIs,nan
http://www.wikidata.org/entity/Q124847605,composers_URIs,nan
http://www.wikidata.org/entity/Q124691682,composers_URIs,http://www.wikidata.org/entity/Q6833840
http://www.wikidata.org/entity/Q123185921,composers_URIs,nan
http://www.wikidata.org/entity/Q124849881,composers_URIs,nan
http://www.wikidata.org/entity/Q123477948,composers_URIs,nan
http://www.wikidata.org/entity/Q124435298,composers_URIs,nan
http://www.wikidata.org/entity/Q112054756,composers_URIs,http://www.wikidata.org/entity/Q313537
http://www.wikidata.org/entity/Q125506620,composers_URIs,nan
http://www.wikidata.org/entity/Q123365061,composers_URIs,nan
http://www.wikidata.org/entity/Q127830620,composers_URIs,nan
http://www.wikidata.org/entity/Q126603999,composers_URIs,http://www.wikidata.org/entity/Q36745238
http://www.wikidata.org/entity/Q112623160,composers_URIs,http://www.wikidata.org/entity/Q91573
http://www.wikidata.org/entity/Q124759759,composers_URIs,http://www.wikidata.org/entity/Q7812828
http://www.wikidata.org/entity/Q125750443,composers_URIs,http://www.wikidata.org/entity/Q107618713
http://www.wikidata.org/entity/Q117176605,composers_URIs,http://www.wikidata.org/entity/Q63940544
http://www.wikidata.org/entity/Q117336418,composers_URIs,nan
http://www.wikidata.org/entity/Q113516747,composers_URIs,http://www.wikidata.org/entity/Q111261523
http://www.wikidata.org/entity/Q114240595,composers_URIs,nan
http://www.wikidata.org/entity/Q121547814,composers_URIs,http://www.wikidata.org/entity/Q318465
http://www.wikidata.org/entity/Q129864880,composers_URIs,nan
http://www.wikidata.org/entity/Q124250689,composers_URIs,nan
http://www.wikidata.org/entity/Q118384193,composers_URIs,nan
http://www.wikidata.org/entity/Q125993015,composers_URIs,http://www.wikidata.org/entity/Q95204270
http://www.wikidata.org/entity/Q124847670,composers_URIs,nan
http://www.wikidata.org/entity/Q124307912,composers_URIs,nan
http://www.wikidata.org/entity/Q124337179,composers_URIs,http://www.wikidata.org/entity/Q1619324
http://www.wikidata.org/entity/Q124852795,composers_URIs,http://www.wikidata.org/entity/Q7325831
http://www.wikidata.org/entity/Q130259789,composers_URIs,nan
http://www.wikidata.org/entity/Q122741027,composers_URIs,nan
http://www.wikidata.org/entity/Q126499420,composers_URIs,nan
http://www.wikidata.org/entity/Q126189103,composers_URIs,nan
http://www.wikidata.org/entity/Q120758628,composers_URIs,http://www.wikidata.org/entity/Q251144
http://www.wikidata.org/entity/Q123354193,composers_URIs,nan
http://www.wikidata.org/entity/Q116980505,composers_URIs,http://www.wikidata.org/entity/Q130382866
http://www.wikidata.org/entity/Q112124771,composers_URIs,http://www.wikidata.org/entity/Q373231
http://www.wikidata.org/entity/Q115057826,composers_URIs,http://www.wikidata.org/entity/Q5218424
http://www.wikidata.org/entity/Q129431275,composers_URIs,nan
http://www.wikidata.org/entity/Q114245238,composers_URIs,http://www.wikidata.org/entity/Q524360
http://www.wikidata.org/entity/Q126193226,composers_URIs,nan
http://www.wikidata.org/entity/Q127694909,composers_URIs,nan
http://www.wikidata.org/entity/Q124261382,composers_URIs,nan
http://www.wikidata.org/entity/Q124407153,composers_URIs,http://www.wikidata.org/entity/Q16215380
http://www.wikidata.org/entity/Q117842630,composers_URIs,http://www.wikidata.org/entity/Q313362
http://www.wikidata.org/entity/Q124249596,composers_URIs,nan
http://www.wikidata.org/entity/Q113373276,composers_URIs,http://www.wikidata.org/entity/Q14313
http://www.wikidata.org/entity/Q113373276,composers_URIs,http://www.wikidata.org/entity/Q462109
http://www.wikidata.org/entity/Q128031503,composers_URIs,nan
http://www.wikidata.org/entity/Q110393211,composers_URIs,nan
http://www.wikidata.org/entity/Q122875375,composers_URIs,nan
http://www.wikidata.org/entity/Q112341432,composers_URIs,nan
http://www.wikidata.org/entity/Q117255424,composers_URIs,http://www.wikidata.org/entity/Q16866466
http://www.wikidata.org/entity/Q114315721,composers_URIs,nan
http://www.wikidata.org/entity/Q124849825,composers_URIs,nan
http://www.wikidata.org/entity/Q128115472,composers_URIs,nan
http://www.wikidata.org/entity/Q109228991,composers_URIs,http://www.wikidata.org/entity/Q76364
http://www.wikidata.org/entity/Q124359261,composers_URIs,http://www.wikidata.org/entity/Q335515
http://www.wikidata.org/entity/Q130550314,composers_URIs,nan
http://www.wikidata.org/entity/Q124395546,composers_URIs,http://www.wikidata.org/entity/Q125876818
http://www.wikidata.org/entity/Q130265371,composers_URIs,http://www.wikidata.org/entity/Q3615698
http://www.wikidata.org/entity/Q120405720,composers_URIs,http://www.wikidata.org/entity/Q123682908
http://www.wikidata.org/entity/Q120405720,composers_URIs,http://www.wikidata.org/entity/Q5213647
http://www.wikidata.org/entity/Q124426106,composers_URIs,nan
http://www.wikidata.org/entity/Q113380203,composers_URIs,nan
http://www.wikidata.org/entity/Q127871658,composers_URIs,nan
http://www.wikidata.org/entity/Q121303161,composers_URIs,http://www.wikidata.org/entity/Q4738722
http://www.wikidata.org/entity/Q109535859,composers_URIs,nan
http://www.wikidata.org/entity/Q117272587,composers_URIs,http://www.wikidata.org/entity/Q30121836
http://www.wikidata.org/entity/Q114901506,composers_URIs,http://www.wikidata.org/entity/Q2406622
http://www.wikidata.org/entity/Q125739503,composers_URIs,http://www.wikidata.org/entity/Q1355578
http://www.wikidata.org/entity/Q116954564,composers_URIs,http://www.wikidata.org/entity/Q14159493
http://www.wikidata.org/entity/Q116954564,composers_URIs,http://www.wikidata.org/entity/Q95703355
http://www.wikidata.org/entity/Q115789958,composers_URIs,http://www.wikidata.org/entity/Q314623
http://www.wikidata.org/entity/Q111962660,composers_URIs,http://www.wikidata.org/entity/Q27929280
http://www.wikidata.org/entity/Q131154737,composers_URIs,nan
http://www.wikidata.org/entity/Q124429012,composers_URIs,nan
http://www.wikidata.org/entity/Q116735906,composers_URIs,http://www.wikidata.org/entity/Q22583592
http://www.wikidata.org/entity/Q124658571,composers_URIs,nan
http://www.wikidata.org/entity/Q125145603,composers_URIs,http://www.wikidata.org/entity/Q28867175
http://www.wikidata.org/entity/Q125408540,composers_URIs,http://www.wikidata.org/entity/Q162045
http://www.wikidata.org/entity/Q130223200,composers_URIs,nan
http://www.wikidata.org/entity/Q124246539,composers_URIs,nan
http://www.wikidata.org/entity/Q63639178,composers_URIs,nan
http://www.wikidata.org/entity/Q127117411,composers_URIs,nan
http://www.wikidata.org/entity/Q117848301,composers_URIs,nan
http://www.wikidata.org/entity/Q124375842,composers_URIs,http://www.wikidata.org/entity/Q2659446
http://www.wikidata.org/entity/Q127115034,composers_URIs,nan
http://www.wikidata.org/entity/Q130365779,composers_URIs,nan
http://www.wikidata.org/entity/Q124324096,composers_URIs,nan
http://www.wikidata.org/entity/Q68121903,composers_URIs,http://www.wikidata.org/entity/Q56222322
http://www.wikidata.org/entity/Q68121903,composers_URIs,http://www.wikidata.org/entity/Q104422260
http://www.wikidata.org/entity/Q125405283,composers_URIs,nan
http://www.wikidata.org/entity/Q117842577,composers_URIs,nan
http://www.wikidata.org/entity/Q126390903,composers_URIs,http://www.wikidata.org/entity/Q608628
http://www.wikidata.org/entity/Q105393825,composers_URIs,nan
http://www.wikidata.org/entity/Q117806062,composers_URIs,nan
http://www.wikidata.org/entity/Q127384884,composers_URIs,nan
http://www.wikidata.org/entity/Q125627283,composers_URIs,nan
http://www.wikidata.org/entity/Q117007959,composers_URIs,http://www.wikidata.org/entity/Q1174736
http://www.wikidata.org/entity/Q114069665,composers_URIs,nan
http://www.wikidata.org/entity/Q120828163,composers_URIs,nan
http://www.wikidata.org/entity/Q130257200,composers_URIs,http://www.wikidata.org/entity/Q95871595
http://www.wikidata.org/entity/Q118274978,composers_URIs,nan
http://www.wikidata.org/entity/Q124305290,composers_URIs,nan
http://www.wikidata.org/entity/Q107460063,composers_URIs,http://www.wikidata.org/entity/Q608628
http://www.wikidata.org/entity/Q124850110,composers_URIs,nan
http://www.wikidata.org/entity/Q124619782,composers_URIs,nan
http://www.wikidata.org/entity/Q124093311,composers_URIs,http://www.wikidata.org/entity/Q4757296
http://www.wikidata.org/entity/Q112135884,composers_URIs,nan
http://www.wikidata.org/entity/Q124844934,composers_URIs,nan
http://www.wikidata.org/entity/Q123764116,composers_URIs,nan
http://www.wikidata.org/entity/Q123144594,composers_URIs,http://www.wikidata.org/entity/Q7384339
http://www.wikidata.org/entity/Q123144594,composers_URIs,http://www.wikidata.org/entity/Q95833989
http://www.wikidata.org/entity/Q125738395,composers_URIs,nan
http://www.wikidata.org/entity/Q111982520,composers_URIs,http://www.wikidata.org/entity/Q273484
http://www.wikidata.org/entity/Q124691134,composers_URIs,nan
http://www.wikidata.org/entity/Q125983496,composers_URIs,http://www.wikidata.org/entity/Q39618842
http://www.wikidata.org/entity/Q130276120,composers_URIs,nan
http://www.wikidata.org/entity/Q127414739,composers_URIs,nan
http://www.wikidata.org/entity/Q124139968,composers_URIs,nan
http://www.wikidata.org/entity/Q126393069,composers_URIs,nan
http://www.wikidata.org/entity/Q127328252,composers_URIs,nan
http://www.wikidata.org/entity/Q124855580,composers_URIs,nan
http://www.wikidata.org/entity/Q124117129,composers_URIs,nan
http://www.wikidata.org/entity/Q124385675,composers_URIs,nan
http://www.wikidata.org/entity/Q126855973,composers_URIs,nan
http://www.wikidata.org/entity/Q116976558,composers_URIs,http://www.wikidata.org/entity/Q2434094
http://www.wikidata.org/entity/Q115494676,composers_URIs,http://www.wikidata.org/entity/Q3061565
http://www.wikidata.org/entity/Q124844944,composers_URIs,nan
http://www.wikidata.org/entity/Q124171214,composers_URIs,http://www.wikidata.org/entity/Q40580
http://www.wikidata.org/entity/Q123909091,composers_URIs,nan
http://www.wikidata.org/entity/Q125304528,composers_URIs,nan
http://www.wikidata.org/entity/Q123583548,composers_URIs,nan
http://www.wikidata.org/entity/Q117421907,composers_URIs,nan
http://www.wikidata.org/entity/Q115804877,composers_URIs,nan
http://www.wikidata.org/entity/Q125498864,composers_URIs,nan
http://www.wikidata.org/entity/Q124736437,composers_URIs,nan
http://www.wikidata.org/entity/Q130214464,composers_URIs,nan
http://www.wikidata.org/entity/Q123690673,composers_URIs,nan
http://www.wikidata.org/entity/Q130744484,composers_URIs,nan
http://www.wikidata.org/entity/Q114437078,composers_URIs,http://www.wikidata.org/entity/Q5593175
http://www.wikidata.org/entity/Q123565704,composers_URIs,nan
http://www.wikidata.org/entity/Q115762254,composers_URIs,nan
http://www.wikidata.org/entity/Q120887778,composers_URIs,nan
http://www.wikidata.org/entity/Q106010101,composers_URIs,http://www.wikidata.org/entity/Q6174877
http://www.wikidata.org/entity/Q127325133,composers_URIs,nan
http://www.wikidata.org/entity/Q123921399,composers_URIs,nan
http://www.wikidata.org/entity/Q123941187,composers_URIs,http://www.wikidata.org/entity/Q5552964
http://www.wikidata.org/entity/Q106329715,composers_URIs,http://www.wikidata.org/entity/Q18920
http://www.wikidata.org/entity/Q106329715,composers_URIs,http://www.wikidata.org/entity/Q111777
http://www.wikidata.org/entity/Q126281957,composers_URIs,nan
http://www.wikidata.org/entity/Q113645430,composers_URIs,http://www.wikidata.org/entity/Q57328300
http://www.wikidata.org/entity/Q117100915,composers_URIs,nan
http://www.wikidata.org/entity/Q124785550,composers_URIs,nan
http://www.wikidata.org/entity/Q121363012,composers_URIs,nan
http://www.wikidata.org/entity/Q115269607,composers_URIs,nan
http://www.wikidata.org/entity/Q126951332,composers_URIs,nan
http://www.wikidata.org/entity/Q130300509,composers_URIs,nan
http://www.wikidata.org/entity/Q125790356,composers_URIs,nan
http://www.wikidata.org/entity/Q124853345,composers_URIs,nan
http://www.wikidata.org/entity/Q123910753,composers_URIs,http://www.wikidata.org/entity/Q14566086
http://www.wikidata.org/entity/Q111883640,composers_URIs,http://www.wikidata.org/entity/Q123521093
http://www.wikidata.org/entity/Q119064873,composers_URIs,nan
http://www.wikidata.org/entity/Q106390475,composers_URIs,http://www.wikidata.org/entity/Q193645
http://www.wikidata.org/entity/Q106390475,composers_URIs,http://www.wikidata.org/entity/Q3306699
http://www.wikidata.org/entity/Q130479614,composers_URIs,nan
http://www.wikidata.org/entity/Q124858261,composers_URIs,nan
http://www.wikidata.org/entity/Q130259800,composers_URIs,nan
http://www.wikidata.org/entity/Q114363820,composers_URIs,http://www.wikidata.org/entity/Q5751457
http://www.wikidata.org/entity/Q116980365,composers_URIs,http://www.wikidata.org/entity/Q65481960
http://www.wikidata.org/entity/Q112811482,composers_URIs,http://www.wikidata.org/entity/Q116169963
http://www.wikidata.org/entity/Q115805331,composers_URIs,http://www.wikidata.org/entity/Q22909459
http://www.wikidata.org/entity/Q115010349,composers_URIs,http://www.wikidata.org/entity/Q5580330
http://www.wikidata.org/entity/Q124257974,composers_URIs,nan
http://www.wikidata.org/entity/Q124308183,composers_URIs,nan
http://www.wikidata.org/entity/Q119549900,composers_URIs,nan
http://www.wikidata.org/entity/Q125499002,composers_URIs,nan
http://www.wikidata.org/entity/Q116687153,composers_URIs,http://www.wikidata.org/entity/Q171363
http://www.wikidata.org/entity/Q124708916,composers_URIs,http://www.wikidata.org/entity/Q6382705
http://www.wikidata.org/entity/Q126325990,composers_URIs,http://www.wikidata.org/entity/Q43162694
http://www.wikidata.org/entity/Q124569068,composers_URIs,nan
http://www.wikidata.org/entity/Q125852984,composers_URIs,http://www.wikidata.org/entity/Q17198144
http://www.wikidata.org/entity/Q119053379,composers_URIs,nan
http://www.wikidata.org/entity/Q124353841,composers_URIs,nan
http://www.wikidata.org/entity/Q117742969,composers_URIs,nan
http://www.wikidata.org/entity/Q124260477,composers_URIs,nan
http://www.wikidata.org/entity/Q112190851,composers_URIs,http://www.wikidata.org/entity/Q107618713
http://www.wikidata.org/entity/Q113319986,composers_URIs,nan
http://www.wikidata.org/entity/Q124850707,composers_URIs,nan
http://www.wikidata.org/entity/Q124605017,composers_URIs,http://www.wikidata.org/entity/Q26357065
http://www.wikidata.org/entity/Q124253867,composers_URIs,nan
http://www.wikidata.org/entity/Q119411068,composers_URIs,http://www.wikidata.org/entity/Q5229518
http://www.wikidata.org/entity/Q124311829,composers_URIs,nan
http://www.wikidata.org/entity/Q109510969,composers_URIs,nan
http://www.wikidata.org/entity/Q112084549,composers_URIs,http://www.wikidata.org/entity/Q124312889
http://www.wikidata.org/entity/Q121741971,composers_URIs,nan
http://www.wikidata.org/entity/Q126913790,composers_URIs,nan
http://www.wikidata.org/entity/Q126947732,composers_URIs,nan
http://www.wikidata.org/entity/Q126086644,composers_URIs,nan
http://www.wikidata.org/entity/Q112124784,composers_URIs,http://www.wikidata.org/entity/Q124738502
http://www.wikidata.org/entity/Q124395545,composers_URIs,http://www.wikidata.org/entity/Q102963
http://www.wikidata.org/entity/Q119856907,composers_URIs,http://www.wikidata.org/entity/Q1361541
http://www.wikidata.org/entity/Q126209609,composers_URIs,nan
http://www.wikidata.org/entity/Q113860622,composers_URIs,nan
http://www.wikidata.org/entity/Q129652262,composers_URIs,nan
http://www.wikidata.org/entity/Q125299860,composers_URIs,nan
http://www.wikidata.org/entity/Q124853416,composers_URIs,nan
http://www.wikidata.org/entity/Q121767975,composers_URIs,nan
http://www.wikidata.org/entity/Q119206819,composers_URIs,http://www.wikidata.org/entity/Q529629
http://www.wikidata.org/entity/Q119892837,composers_URIs,http://www.wikidata.org/entity/Q97171478
http://www.wikidata.org/entity/Q116442637,composers_URIs,http://www.wikidata.org/entity/Q75585950
http://www.wikidata.org/entity/Q124728817,composers_URIs,http://www.wikidata.org/entity/Q6382705
http://www.wikidata.org/entity/Q124336101,composers_URIs,http://www.wikidata.org/entity/Q5956058
http://www.wikidata.org/entity/Q127633133,composers_URIs,nan
http://www.wikidata.org/entity/Q108809531,composers_URIs,http://www.wikidata.org/entity/Q123593851
http://www.wikidata.org/entity/Q108809531,composers_URIs,http://www.wikidata.org/entity/Q123593855
http://www.wikidata.org/entity/Q123762520,composers_URIs,http://www.wikidata.org/entity/Q124390709
http://www.wikidata.org/entity/Q124459715,composers_URIs,nan
http://www.wikidata.org/entity/Q123975057,composers_URIs,nan
http://www.wikidata.org/entity/Q123472063,composers_URIs,nan
http://www.wikidata.org/entity/Q125693602,composers_URIs,nan
http://www.wikidata.org/entity/Q111538862,composers_URIs,http://www.wikidata.org/entity/Q1373294
http://www.wikidata.org/entity/Q111538862,composers_URIs,http://www.wikidata.org/entity/Q18921422
http://www.wikidata.org/entity/Q124334469,composers_URIs,nan
http://www.wikidata.org/entity/Q105710372,composers_URIs,http://www.wikidata.org/entity/Q95703355
http://www.wikidata.org/entity/Q114345051,composers_URIs,http://www.wikidata.org/entity/Q319996
http://www.wikidata.org/entity/Q114345051,composers_URIs,http://www.wikidata.org/entity/Q120896583
http://www.wikidata.org/entity/Q119819835,composers_URIs,nan
http://www.wikidata.org/entity/Q107175474,composers_URIs,http://www.wikidata.org/entity/Q714325
http://www.wikidata.org/entity/Q123515700,composers_URIs,nan
http://www.wikidata.org/entity/Q130331669,composers_URIs,nan
http://www.wikidata.org/entity/Q113630174,composers_URIs,http://www.wikidata.org/entity/Q1086291
http://www.wikidata.org/entity/Q124536069,composers_URIs,nan
http://www.wikidata.org/entity/Q125665892,composers_URIs,nan
http://www.wikidata.org/entity/Q125424056,composers_URIs,nan
http://www.wikidata.org/entity/Q124745051,composers_URIs,nan
http://www.wikidata.org/entity/Q126326954,composers_URIs,nan
http://www.wikidata.org/entity/Q130265402,composers_URIs,nan
http://www.wikidata.org/entity/Q111918059,composers_URIs,http://www.wikidata.org/entity/Q155124
http://www.wikidata.org/entity/Q124853968,composers_URIs,nan
http://www.wikidata.org/entity/Q126182120,composers_URIs,nan
http://www.wikidata.org/entity/Q123693164,composers_URIs,http://www.wikidata.org/entity/Q15291030
http://www.wikidata.org/entity/Q118641054,composers_URIs,http://www.wikidata.org/entity/Q7340551
http://www.wikidata.org/entity/Q125507379,composers_URIs,nan
http://www.wikidata.org/entity/Q50285193,composers_URIs,nan
http://www.wikidata.org/entity/Q111170197,composers_URIs,nan
http://www.wikidata.org/entity/Q124301757,composers_URIs,nan
http://www.wikidata.org/entity/Q117712753,composers_URIs,nan
http://www.wikidata.org/entity/Q114088541,composers_URIs,nan
http://www.wikidata.org/entity/Q108760382,composers_URIs,http://www.wikidata.org/entity/Q120896583
http://www.wikidata.org/entity/Q117599075,composers_URIs,nan
http://www.wikidata.org/entity/Q124542006,composers_URIs,nan
http://www.wikidata.org/entity/Q124440294,composers_URIs,nan
http://www.wikidata.org/entity/Q124005830,composers_URIs,nan
http://www.wikidata.org/entity/Q110938009,composers_URIs,http://www.wikidata.org/entity/Q124294296
