Country,Values
United States,"[(rdflib.term.URIRef('http://dbpedia.org/resource/United_States'), 'United States')]"
Morocco,"[(rdflib.term.URIRef('http://dbpedia.org/resource/Morocco'), 'Morocco')]"
Canada,"[(rdflib.term.URIRef('http://dbpedia.org/resource/Canada'), 'Canada')]"
"Spain, United Kingdom, Sweden","[(rdflib.term.URIRef('http://dbpedia.org/resource/Spain'), 'Spain'), (rdflib.term.URIRef('http://dbpedia.org/resource/United_Kingdom'), 'United Kingdom'), (rdflib.term.URIRef('http://dbpedia.org/resource/Sweden'), 'Sweden')]"
Switzerland,"[(rdflib.term.URIRef('http://dbpedia.org/resource/Switzerland'), 'Switzerland')]"
http://dbpedia.org/resource/Australia,"[(rdflib.term.URIRef('http://dbpedia.org/resource/Australia'), 'Australia')]"
Australia,"[(rdflib.term.URIRef('http://dbpedia.org/resource/Australia'), 'Australia')]"
India,"[(rdflib.term.URIRef('http://dbpedia.org/resource/INDIA'), 'INDIA')]"
United Kingdom,"[(rdflib.term.URIRef('http://dbpedia.org/resource/United_Kingdom'), 'United Kingdom')]"
Argentina,"[(rdflib.term.URIRef('http://dbpedia.org/resource/Argentina'), 'Argentina')]"
http://dbpedia.org/resource/United_States,"[(rdflib.term.URIRef('http://dbpedia.org/resource/United_States'), 'United States')]"
France,"[(rdflib.term.URIRef('http://dbpedia.org/resource/FRANCE'), 'FRANCE')]"
http://dbpedia.org/resource/Philippines,"[(rdflib.term.URIRef('http://dbpedia.org/resource/Philippines'), 'Philippines')]"
Algeria,"[(rdflib.term.URIRef('http://dbpedia.org/resource/Algeria'), 'Algeria')]"
http://dbpedia.org/resource/Poland,"[(rdflib.term.URIRef('http://dbpedia.org/resource/Poland'), 'Poland')]"
West Germany,"[(rdflib.term.URIRef('http://dbpedia.org/resource/Germany'), 'Germany')]"
USA,"[(rdflib.term.URIRef('http://dbpedia.org/resource/United_States'), 'United States')]"
Italy,"[(rdflib.term.URIRef('http://dbpedia.org/resource/Italy'), 'Italy')]"
http://dbpedia.org/resource/United_Kingdom,"[(rdflib.term.URIRef('http://dbpedia.org/resource/United_Kingdom'), 'United Kingdom')]"
Hong Kong,"[(rdflib.term.URIRef('http://dbpedia.org/resource/China'), 'China')]"
United States/,"[(rdflib.term.URIRef('http://dbpedia.org/resource/United_States'), 'United States')]"
Portugal,"[(rdflib.term.URIRef('http://dbpedia.org/resource/Portugal'), 'Portugal')]"
Greece,"[(rdflib.term.URIRef('http://dbpedia.org/resource/Greece'), 'Greece')]"
http://dbpedia.org/resource/Italy,"[(rdflib.term.URIRef('http://dbpedia.org/resource/Italy'), 'Italy')]"
Japan,"[(rdflib.term.URIRef('http://dbpedia.org/resource/Japan'), 'Japan')]"
Russia,"[(rdflib.term.URIRef('http://dbpedia.org/resource/Russia'), 'Russia')]"
http://dbpedia.org/resource/Hong_Kong,"[(rdflib.term.URIRef('http://dbpedia.org/resource/Hong_Kong'), 'Hong Kong')]"
http://dbpedia.org/resource/Japan,"[(rdflib.term.URIRef('http://dbpedia.org/resource/Japan'), 'Japan')]"
English,"[(rdflib.term.URIRef('http://dbpedia.org/resource/United_States'), 'United States')]"
Finland,"[(rdflib.term.URIRef('http://dbpedia.org/resource/Finland'), 'Finland')]"
Germany,"[(rdflib.term.URIRef('http://dbpedia.org/resource/Germany'), 'Germany')]"
http://dbpedia.org/resource/New_Zealand,"[(rdflib.term.URIRef('http://dbpedia.org/resource/New_Zealand'), 'New Zealand')]"
Soviet Union,"[(rdflib.term.URIRef('http://dbpedia.org/resource/Soviet_Union'), 'Soviet Union')]"
Austria,"[(rdflib.term.URIRef('http://dbpedia.org/resource/Austria'), 'Austria')]"
Philippines,"[(rdflib.term.URIRef('http://dbpedia.org/resource/Philippines'), 'Philippines')]"
German Empire,"[(rdflib.term.URIRef('http://dbpedia.org/resource/Germany'), 'Germany')]"
Hungary,"[(rdflib.term.URIRef('http://dbpedia.org/resource/Hungary'), 'Hungary')]"
http://dbpedia.org/resource/Sweden,"[(rdflib.term.URIRef('http://dbpedia.org/resource/Sweden'), 'Sweden')]"
http://dbpedia.org/resource/Germany,"[(rdflib.term.URIRef('http://dbpedia.org/resource/Germany'), 'Germany')]"
Romania,"[(rdflib.term.URIRef('http://dbpedia.org/resource/Romania'), 'Romania')]"
Spain,"[(rdflib.term.URIRef('http://dbpedia.org/resource/Spain'), 'Spain')]"
http://dbpedia.org/resource/Russia,"[(rdflib.term.URIRef('http://dbpedia.org/resource/Russia'), 'Russia')]"
http://dbpedia.org/resource/Turkey,"[(rdflib.term.URIRef('http://dbpedia.org/resource/Turkey'), 'Turkey')]"
Ireland,"[(rdflib.term.URIRef('http://dbpedia.org/resource/Ireland'), 'Ireland')]"
http://dbpedia.org/resource/Mexico,"[(rdflib.term.URIRef('http://dbpedia.org/resource/Mexico'), 'Mexico')]"
"United Statesref|Fight Club, a film by the American studio 20th Century Fox, is often found in databases and related summaries to have the countries US and Germany, the latter being ascribable to the role of international funding.|group=""nb""","[(rdflib.term.URIRef('http://dbpedia.org/resource/United_States'), 'United States')]"
South Korea,"[(rdflib.term.URIRef('http://dbpedia.org/resource/South_Korea'), 'South Korea')]"
Brazil,"[(rdflib.term.URIRef('http://dbpedia.org/resource/Brazil'), 'Brazil')]"
http://dbpedia.org/resource/Indonesia,"[(rdflib.term.URIRef('http://dbpedia.org/resource/Indonesia'), 'Indonesia')]"
Austro-Hungarian Empire,"[(rdflib.term.URIRef('http://dbpedia.org/resource/Austria_Hungary'), 'Austria Hungary'), (rdflib.term.URIRef('http://dbpedia.org/resource/Hungary'), 'Hungary')]"
"Canada, United Kingdom","[(rdflib.term.URIRef('http://dbpedia.org/resource/Canada'), 'Canada'), (rdflib.term.URIRef('http://dbpedia.org/resource/United_Kingdom'), 'United Kingdom')]"
Sweden,"[(rdflib.term.URIRef('http://dbpedia.org/resource/Sweden'), 'Sweden')]"
http://dbpedia.org/resource/Azerbaijan,"[(rdflib.term.URIRef('http://dbpedia.org/resource/Azerbaijan'), 'Azerbaijan')]"
Poland,"[(rdflib.term.URIRef('http://dbpedia.org/resource/Poland'), 'Poland')]"
http://dbpedia.org/resource/India,"[(rdflib.term.URIRef('http://dbpedia.org/resource/India'), 'India')]"
Mexico,"[(rdflib.term.URIRef('http://dbpedia.org/resource/Mexico'), 'Mexico')]"
Bolivia,"[(rdflib.term.URIRef('http://dbpedia.org/resource/Bolivia'), 'Bolivia')]"
http://dbpedia.org/resource/South_Korea,"[(rdflib.term.URIRef('http://dbpedia.org/resource/South_Korea'), 'South Korea')]"
http://dbpedia.org/resource/Morocco,"[(rdflib.term.URIRef('http://dbpedia.org/resource/Morocco'), 'Morocco')]"
Netherlands,"[(rdflib.term.URIRef('http://dbpedia.org/resource/Netherlands'), 'Netherlands')]"
Umited States,"[(rdflib.term.URIRef('http://dbpedia.org/resource/United_States'), 'United States')]"
Russian Empire,"[(rdflib.term.URIRef('http://dbpedia.org/resource/Russian_Empire'), 'Russian Empire')]"
http://dbpedia.org/resource/China,"[(rdflib.term.URIRef('http://dbpedia.org/resource/China'), 'China')]"
http://dbpedia.org/resource/Venezuela,"[(rdflib.term.URIRef('http://dbpedia.org/resource/Venezuela'), 'Venezuela')]"
"Canada, UK, US","[(rdflib.term.URIRef('http://dbpedia.org/resource/Canada'), 'Canada'), (rdflib.term.URIRef('http://dbpedia.org/resource/United_Kingdom'), 'United Kingdom'), (rdflib.term.URIRef('http://dbpedia.org/resource/US'), 'US')]"
http://dbpedia.org/resource/Soviet_Union,"[(rdflib.term.URIRef('http://dbpedia.org/resource/Soviet_Union'), 'Soviet Union')]"
Denmark,"[(rdflib.term.URIRef('http://dbpedia.org/resource/Denmark'), 'Denmark')]"
http://dbpedia.org/resource/Denmark,"[(rdflib.term.URIRef('http://dbpedia.org/resource/Denmark'), 'Denmark')]"
China,"[(rdflib.term.URIRef('http://dbpedia.org/resource/China'), 'China')]"
US,"[(rdflib.term.URIRef('http://dbpedia.org/resource/US'), 'US')]"
Afghanistan,"[(rdflib.term.URIRef('http://dbpedia.org/resource/Afghanistan'), 'Afghanistan')]"
East Germany,"[(rdflib.term.URIRef('http://dbpedia.org/resource/Germany'), 'Germany')]"
Bangladesh,"[(rdflib.term.URIRef('http://dbpedia.org/resource/Bangladesh'), 'Bangladesh')]"
Georgia,"[(rdflib.term.URIRef('http://dbpedia.org/resource/Georgia_(Country)'), 'Georgia (Country)')]"
http://dbpedia.org/resource/Lebanon,"[(rdflib.term.URIRef('http://dbpedia.org/resource/Lebanon'), 'Lebanon')]"
http://dbpedia.org/resource/France,"[(rdflib.term.URIRef('http://dbpedia.org/resource/France'), 'France')]"
http://dbpedia.org/resource/Bangladesh,"[(rdflib.term.URIRef('http://dbpedia.org/resource/Bangladesh'), 'Bangladesh')]"
http://dbpedia.org/resource/Thailand,"[(rdflib.term.URIRef('http://dbpedia.org/resource/Thailand'), 'Thailand')]"
"Canada, United Kingdom, United States, France","[(rdflib.term.URIRef('http://dbpedia.org/resource/Canada'), 'Canada'), (rdflib.term.URIRef('http://dbpedia.org/resource/United_Kingdom'), 'United Kingdom'), (rdflib.term.URIRef('http://dbpedia.org/resource/United_States'), 'United States'), (rdflib.term.URIRef('http://dbpedia.org/resource/FRANCE'), 'FRANCE')]"
UK,"[(rdflib.term.URIRef('http://dbpedia.org/resource/United_Kingdom'), 'United Kingdom')]"
Panama,"[(rdflib.term.URIRef('http://dbpedia.org/resource/Panama'), 'Panama')]"
Vietnam,"[(rdflib.term.URIRef('http://dbpedia.org/resource/Vietnam'), 'Vietnam')]"
http://dbpedia.org/resource/United_Arab_Emirates,"[(rdflib.term.URIRef('http://dbpedia.org/resource/United_Arab_Emirates'), 'United Arab Emirates')]"
"Germany, Ireland","[(rdflib.term.URIRef('http://dbpedia.org/resource/Germany'), 'Germany'), (rdflib.term.URIRef('http://dbpedia.org/resource/Ireland'), 'Ireland')]"
http://dbpedia.org/resource/Canada,"[(rdflib.term.URIRef('http://dbpedia.org/resource/Canada'), 'Canada')]"
Weimar Republic,"[(rdflib.term.URIRef('http://dbpedia.org/resource/Weimar_Republic'), 'Weimar Republic')]"
Nazi Germany,"[(rdflib.term.URIRef('http://dbpedia.org/resource/Germany'), 'Germany')]"
http://dbpedia.org/resource/Belgium,"[(rdflib.term.URIRef('http://dbpedia.org/resource/Belgium'), 'Belgium')]"
Yugoslavia,"[(rdflib.term.URIRef('http://dbpedia.org/resource/Yugoslavia'), 'Yugoslavia')]"
http://dbpedia.org/resource/Hungary,"[(rdflib.term.URIRef('http://dbpedia.org/resource/Hungary'), 'Hungary')]"
Taiwan,"[(rdflib.term.URIRef('http://dbpedia.org/resource/Taiwan'), 'Taiwan')]"
http://dbpedia.org/resource/Sri_Lanka,"[(rdflib.term.URIRef('http://dbpedia.org/resource/Sri_Lanka'), 'Sri Lanka')]"
http://dbpedia.org/resource/West_Germany,"[(rdflib.term.URIRef('http://dbpedia.org/resource/West_Germany'), 'West Germany')]"
http://dbpedia.org/resource/Iran,"[(rdflib.term.URIRef('http://dbpedia.org/resource/Iran'), 'Iran')]"
Ukraine,"[(rdflib.term.URIRef('http://dbpedia.org/resource/Ukraine'), 'Ukraine')]"
http://dbpedia.org/resource/North_Korea,"[(rdflib.term.URIRef('http://dbpedia.org/resource/North_Korea'), 'North Korea')]"
Maldives,"[(rdflib.term.URIRef('http://dbpedia.org/resource/Maldives'), 'Maldives')]"
Czechoslovakia,"[(rdflib.term.URIRef('http://dbpedia.org/resource/Czechoslovakia'), 'Czechoslovakia')]"
Indonesia,"[(rdflib.term.URIRef('http://dbpedia.org/resource/Indonesia'), 'Indonesia')]"
Peru,"[(rdflib.term.URIRef('http://dbpedia.org/resource/Peru'), 'Peru')]"
Luxembourg,"[(rdflib.term.URIRef('http://dbpedia.org/resource/Luxembourg'), 'Luxembourg')]"
http://dbpedia.org/resource/East_Germany,"[(rdflib.term.URIRef('http://dbpedia.org/resource/East_Germany'), 'East Germany')]"
Israel,"[(rdflib.term.URIRef('http://dbpedia.org/resource/Israel'), 'Israel')]"
Ghana,"[(rdflib.term.URIRef('http://dbpedia.org/resource/Ghana'), 'Ghana')]"
The Netherlands,"[(rdflib.term.URIRef('http://dbpedia.org/resource/The_Netherlands'), 'The Netherlands')]"
http://dbpedia.org/resource/Pakistan,"[(rdflib.term.URIRef('http://dbpedia.org/resource/Pakistan'), 'Pakistan')]"
"United States, Japan","[(rdflib.term.URIRef('http://dbpedia.org/resource/United_States'), 'United States'), (rdflib.term.URIRef('http://dbpedia.org/resource/Japan'), 'Japan')]"
"Israel, United States, South Africa, Germany, Congo","[(rdflib.term.URIRef('http://dbpedia.org/resource/Israel'), 'Israel'), (rdflib.term.URIRef('http://dbpedia.org/resource/United_States'), 'United States'), (rdflib.term.URIRef('http://dbpedia.org/resource/South_Africa'), 'South Africa'), (rdflib.term.URIRef('http://dbpedia.org/resource/Germany'), 'Germany'), (rdflib.term.URIRef('http://dbpedia.org/resource/Republic_of_the_Congo'), 'Republic of the Congo')]"
Slovakia,"[(rdflib.term.URIRef('http://dbpedia.org/resource/Slovakia'), 'Slovakia')]"
http://dbpedia.org/resource/U.S.,"[(rdflib.term.URIRef('http://dbpedia.org/resource/U.S.'), 'U.S.')]"
Myanmar,"[(rdflib.term.URIRef('http://dbpedia.org/resource/Myanmar'), 'Myanmar')]"
http://dbpedia.org/resource/Iceland,"[(rdflib.term.URIRef('http://dbpedia.org/resource/Iceland'), 'Iceland')]"
Colombia,"[(rdflib.term.URIRef('http://dbpedia.org/resource/Colombia'), 'Colombia')]"
http://dbpedia.org/resource/Brazil,"[(rdflib.term.URIRef('http://dbpedia.org/resource/Brazil'), 'Brazil')]"
http://dbpedia.org/resource/Malaysia,"[(rdflib.term.URIRef('http://dbpedia.org/resource/Malaysia'), 'Malaysia')]"
http://dbpedia.org/resource/United_States_of_America,"[(rdflib.term.URIRef('http://dbpedia.org/resource/United_States_of_America'), 'United States of America')]"
http://dbpedia.org/resource/Cinema_of_the_United_States,"[(rdflib.term.URIRef('http://dbpedia.org/resource/Cinema_of_the_United_States'), 'Cinema of the United States')]"
Iceland,"[(rdflib.term.URIRef('http://dbpedia.org/resource/Iceland'), 'Iceland')]"
http://dbpedia.org/resource/Spain,"[(rdflib.term.URIRef('http://dbpedia.org/resource/Spain'), 'Spain')]"
http://dbpedia.org/resource/Norway,"[(rdflib.term.URIRef('http://dbpedia.org/resource/Norway'), 'Norway')]"
http://dbpedia.org/resource/Rwanda,"[(rdflib.term.URIRef('http://dbpedia.org/resource/Rwanda'), 'Rwanda')]"
New Zealand,"[(rdflib.term.URIRef('http://dbpedia.org/resource/New_Zealand'), 'New Zealand')]"
http://dbpedia.org/resource/USSR,"[(rdflib.term.URIRef('http://dbpedia.org/resource/USSR'), 'USSR')]"
North Macedonia,"[(rdflib.term.URIRef('http://dbpedia.org/resource/North_Macedonia'), 'North Macedonia')]"
http://dbpedia.org/resource/Serbia_and_Montenegro,"[(rdflib.term.URIRef('http://dbpedia.org/resource/Serbia_and_Montenegro'), 'Serbia and Montenegro')]"
http://dbpedia.org/resource/Czechoslovakia,"[(rdflib.term.URIRef('http://dbpedia.org/resource/Czechoslovakia'), 'Czechoslovakia')]"
Belgium,"[(rdflib.term.URIRef('http://dbpedia.org/resource/Belgium'), 'Belgium')]"
Nigeria,"[(rdflib.term.URIRef('http://dbpedia.org/resource/Nigeria'), 'Nigeria')]"
Norway,"[(rdflib.term.URIRef('http://dbpedia.org/resource/Norway'), 'Norway')]"
http://dbpedia.org/resource/Republic_of_China_(1912–1949),"[(rdflib.term.URIRef('http://dbpedia.org/resource/Republic_of_China_(1912–1949)'), 'Republic of China (1912–1949)')]"
Qatar,"[(rdflib.term.URIRef('http://dbpedia.org/resource/Qatar'), 'Qatar')]"
Latvia,"[(rdflib.term.URIRef('http://dbpedia.org/resource/Latvia'), 'Latvia')]"
http://dbpedia.org/resource/Cinema_of_Italy,"[(rdflib.term.URIRef('http://dbpedia.org/resource/Cinema_of_Italy'), 'Cinema of Italy')]"
Estonia,"[(rdflib.term.URIRef('http://dbpedia.org/resource/Estonia'), 'Estonia')]"
http://dbpedia.org/resource/Taiwan,"[(rdflib.term.URIRef('http://dbpedia.org/resource/Taiwan'), 'Taiwan')]"
http://dbpedia.org/resource/Croatia,"[(rdflib.term.URIRef('http://dbpedia.org/resource/Croatia'), 'Croatia')]"
Egypt,"[(rdflib.term.URIRef('http://dbpedia.org/resource/Egypt'), 'Egypt')]"
"Turkey, Greece","[(rdflib.term.URIRef('http://dbpedia.org/resource/Turkey'), 'Turkey'), (rdflib.term.URIRef('http://dbpedia.org/resource/Greece'), 'Greece')]"
Turkey,"[(rdflib.term.URIRef('http://dbpedia.org/resource/Turkey'), 'Turkey')]"
Iran,"[(rdflib.term.URIRef('http://dbpedia.org/resource/Iran'), 'Iran')]"
Macedonia,"[(rdflib.term.URIRef('http://dbpedia.org/resource/North_Macedonia'), 'North Macedonia')]"
india,"[(rdflib.term.URIRef('http://dbpedia.org/resource/INDIA'), 'INDIA')]"
Türkiye,"[(rdflib.term.URIRef('http://dbpedia.org/resource/Turkey'), 'Turkey')]"
http://dbpedia.org/resource/Korea,"[(rdflib.term.URIRef('http://dbpedia.org/resource/Korea'), 'Korea')]"
http://dbpedia.org/resource/Cambodia,"[(rdflib.term.URIRef('http://dbpedia.org/resource/Cambodia'), 'Cambodia')]"
South Africa,"[(rdflib.term.URIRef('http://dbpedia.org/resource/South_Africa'), 'South Africa')]"
Senegal,"[(rdflib.term.URIRef('http://dbpedia.org/resource/Senegal'), 'Senegal')]"
http://dbpedia.org/resource/Great_Britain,"[(rdflib.term.URIRef('http://dbpedia.org/resource/Great_Britain'), 'Great Britain')]"
Thailand,"[(rdflib.term.URIRef('http://dbpedia.org/resource/Thailand'), 'Thailand')]"
Syria,"[(rdflib.term.URIRef('http://dbpedia.org/resource/Syria'), 'Syria')]"
http://dbpedia.org/resource/Cinema_of_Singapore,"[(rdflib.term.URIRef('http://dbpedia.org/resource/Cinema_of_Singapore'), 'Cinema of Singapore')]"
http://dbpedia.org/resource/Lithuania,"[(rdflib.term.URIRef('http://dbpedia.org/resource/Lithuania'), 'Lithuania')]"
Cuba,"[(rdflib.term.URIRef('http://dbpedia.org/resource/Cuba'), 'Cuba')]"
http://dbpedia.org/resource/Ireland,"[(rdflib.term.URIRef('http://dbpedia.org/resource/Ireland'), 'Ireland')]"
Pakistan,"[(rdflib.term.URIRef('http://dbpedia.org/resource/PAKISTAN'), 'PAKISTAN')]"
http://dbpedia.org/resource/Netherlands,"[(rdflib.term.URIRef('http://dbpedia.org/resource/Netherlands'), 'Netherlands')]"
"Iran, Canada","[(rdflib.term.URIRef('http://dbpedia.org/resource/Iran'), 'Iran'), (rdflib.term.URIRef('http://dbpedia.org/resource/Canada'), 'Canada')]"
Kazakhstan,"[(rdflib.term.URIRef('http://dbpedia.org/resource/Kazakhstan'), 'Kazakhstan')]"
http://dbpedia.org/resource/Egypt,"[(rdflib.term.URIRef('http://dbpedia.org/resource/Egypt'), 'Egypt')]"
http://dbpedia.org/resource/Czech_Republic,"[(rdflib.term.URIRef('http://dbpedia.org/resource/Czech_Republic'), 'Czech Republic')]"
Bosnia and Herzegovina,"[(rdflib.term.URIRef('http://dbpedia.org/resource/Bosnia'), 'Bosnia'), (rdflib.term.URIRef('http://dbpedia.org/resource/Herzegovina'), 'Herzegovina')]"
Cameroon,"[(rdflib.term.URIRef('http://dbpedia.org/resource/Cameroon'), 'Cameroon')]"
http://dbpedia.org/resource/South_Africa,"[(rdflib.term.URIRef('http://dbpedia.org/resource/South_Africa'), 'South Africa')]"
http://dbpedia.org/resource/Nazi_Germany,"[(rdflib.term.URIRef('http://dbpedia.org/resource/Nazi_Germany'), 'Nazi Germany')]"
Singapore,"[(rdflib.term.URIRef('http://dbpedia.org/resource/Singapore'), 'Singapore')]"
Brazil & Colombia,"[(rdflib.term.URIRef('http://dbpedia.org/resource/Brazil'), 'Brazil'), (rdflib.term.URIRef('http://dbpedia.org/resource/Colombia'), 'Colombia')]"
France - United States,"[(rdflib.term.URIRef('http://dbpedia.org/resource/FRANCE'), 'FRANCE'), (rdflib.term.URIRef('http://dbpedia.org/resource/United_States'), 'United States')]"
Uruguay,"[(rdflib.term.URIRef('http://dbpedia.org/resource/Uruguay'), 'Uruguay')]"
http://dbpedia.org/resource/Namibia,"[(rdflib.term.URIRef('http://dbpedia.org/resource/Namibia'), 'Namibia')]"
"United States 
Denmark","[(rdflib.term.URIRef('http://dbpedia.org/resource/United_States'), 'United States'), (rdflib.term.URIRef('http://dbpedia.org/resource/Denmark'), 'Denmark')]"
http://dbpedia.org/resource/Suriname,"[(rdflib.term.URIRef('http://dbpedia.org/resource/Suriname'), 'Suriname')]"
http://dbpedia.org/resource/Finland,"[(rdflib.term.URIRef('http://dbpedia.org/resource/Finland'), 'Finland')]"
Palestine,"[(rdflib.term.URIRef('http://dbpedia.org/resource/Israel'), 'Israel')]"
http://dbpedia.org/resource/Israel,"[(rdflib.term.URIRef('http://dbpedia.org/resource/Israel'), 'Israel')]"
http://dbpedia.org/resource/Colombia,"[(rdflib.term.URIRef('http://dbpedia.org/resource/Colombia'), 'Colombia')]"
Malaysia,"[(rdflib.term.URIRef('http://dbpedia.org/resource/Malaysia'), 'Malaysia')]"
http://dbpedia.org/resource/England,"[(rdflib.term.URIRef('http://dbpedia.org/resource/England'), 'England')]"
http://dbpedia.org/resource/Dutch_East_Indies,"[(rdflib.term.URIRef('http://dbpedia.org/resource/Dutch_East_Indies'), 'Dutch East Indies')]"
http://dbpedia.org/resource/Mali,"[(rdflib.term.URIRef('http://dbpedia.org/resource/Mali'), 'Mali')]"
http://dbpedia.org/resource/Kazakhstan,"[(rdflib.term.URIRef('http://dbpedia.org/resource/Kazakhstan'), 'Kazakhstan')]"
"France, Bangladesh, among many other locations","[(rdflib.term.URIRef('http://dbpedia.org/resource/FRANCE'), 'FRANCE'), (rdflib.term.URIRef('http://dbpedia.org/resource/Bangladesh'), 'Bangladesh')]"
http://dbpedia.org/resource/Nigeria,"[(rdflib.term.URIRef('http://dbpedia.org/resource/Nigeria'), 'Nigeria')]"
Tunisia,"[(rdflib.term.URIRef('http://dbpedia.org/resource/Tunisia'), 'Tunisia')]"
http://dbpedia.org/resource/Ukraine,"[(rdflib.term.URIRef('http://dbpedia.org/resource/Ukraine'), 'Ukraine')]"
Czech Republic,"[(rdflib.term.URIRef('http://dbpedia.org/resource/Czech_Republic'), 'Czech Republic')]"
"Sweden, Denmark, Italy","[(rdflib.term.URIRef('http://dbpedia.org/resource/Sweden'), 'Sweden'), (rdflib.term.URIRef('http://dbpedia.org/resource/Denmark'), 'Denmark'), (rdflib.term.URIRef('http://dbpedia.org/resource/Italy'), 'Italy')]"
http://dbpedia.org/resource/Kenya,"[(rdflib.term.URIRef('http://dbpedia.org/resource/Kenya'), 'Kenya')]"
http://dbpedia.org/resource/Vietnam,"[(rdflib.term.URIRef('http://dbpedia.org/resource/Vietnam'), 'Vietnam')]"
Cambodia,"[(rdflib.term.URIRef('http://dbpedia.org/resource/Cambodia'), 'Cambodia')]"
http://dbpedia.org/resource/Austria,"[(rdflib.term.URIRef('http://dbpedia.org/resource/Austria'), 'Austria')]"
http://dbpedia.org/resource/Socialist_Federal_Republic_of_Yugoslavia,"[(rdflib.term.URIRef('http://dbpedia.org/resource/Socialist_Federal_Republic_of_Yugoslavia'), 'Socialist Federal Republic of Yugoslavia')]"
Bulgaria,"[(rdflib.term.URIRef('http://dbpedia.org/resource/Bulgaria'), 'Bulgaria')]"
Czechia,"[(rdflib.term.URIRef('http://dbpedia.org/resource/Czech_Republic'), 'Czech Republic')]"
Lebanon,"[(rdflib.term.URIRef('http://dbpedia.org/resource/Lebanon'), 'Lebanon')]"
http://dbpedia.org/resource/Singapore,"[(rdflib.term.URIRef('http://dbpedia.org/resource/Singapore'), 'Singapore')]"
http://dbpedia.org/resource/Cinema_of_Germany,"[(rdflib.term.URIRef('http://dbpedia.org/resource/Cinema_of_Germany'), 'Cinema of Germany')]"
http://dbpedia.org/resource/Equatorial_Guinea,"[(rdflib.term.URIRef('http://dbpedia.org/resource/Equatorial_Guinea'), 'Equatorial Guinea')]"
http://dbpedia.org/resource/Serbia,"[(rdflib.term.URIRef('http://dbpedia.org/resource/Serbia'), 'Serbia')]"
http://dbpedia.org/resource/Cinema_of_China,"[(rdflib.term.URIRef('http://dbpedia.org/resource/Cinema_of_China'), 'Cinema of China')]"
Kyrgyzstan,"[(rdflib.term.URIRef('http://dbpedia.org/resource/Kyrgyzstan'), 'Kyrgyzstan')]"
http://dbpedia.org/resource/Television_in_Hong_Kong,"[(rdflib.term.URIRef('http://dbpedia.org/resource/Television_in_Hong_Kong'), 'Television in Hong Kong')]"
Canada; United States,"[(rdflib.term.URIRef('http://dbpedia.org/resource/Canada'), 'Canada'), (rdflib.term.URIRef('http://dbpedia.org/resource/United_States'), 'United States')]"
http://dbpedia.org/resource/Argentina,"[(rdflib.term.URIRef('http://dbpedia.org/resource/Argentina'), 'Argentina')]"
http://dbpedia.org/resource/Greece,"[(rdflib.term.URIRef('http://dbpedia.org/resource/Greece'), 'Greece')]"
"Germany, Israel","[(rdflib.term.URIRef('http://dbpedia.org/resource/Germany'), 'Germany'), (rdflib.term.URIRef('http://dbpedia.org/resource/Israel'), 'Israel')]"
Serbia,"[(rdflib.term.URIRef('http://dbpedia.org/resource/Serbia'), 'Serbia')]"
Chile,"[(rdflib.term.URIRef('http://dbpedia.org/resource/Chile'), 'Chile')]"
http://dbpedia.org/resource/Russian_Soviet_Federative_Socialist_Republic,"[(rdflib.term.URIRef('http://dbpedia.org/resource/Russian_Soviet_Federative_Socialist_Republic'), 'Russian Soviet Federative Socialist Republic')]"
British Hong Kong,"[(rdflib.term.URIRef('http://dbpedia.org/resource/United_Kingdom'), 'United Kingdom'), (rdflib.term.URIRef('http://dbpedia.org/resource/China'), 'China')]"
http://dbpedia.org/resource/Philippine_cinema,"[(rdflib.term.URIRef('http://dbpedia.org/resource/Philippine_cinema'), 'Philippine cinema')]"
http://dbpedia.org/resource/Lithuanian_SSR,"[(rdflib.term.URIRef('http://dbpedia.org/resource/Lithuanian_SSR'), 'Lithuanian SSR')]"
"US, UK","[(rdflib.term.URIRef('http://dbpedia.org/resource/US'), 'US'), (rdflib.term.URIRef('http://dbpedia.org/resource/United_Kingdom'), 'United Kingdom')]"
Guatemala,"[(rdflib.term.URIRef('http://dbpedia.org/resource/Guatemala'), 'Guatemala')]"
CanadaChina,"[(rdflib.term.URIRef('http://dbpedia.org/resource/Canada'), 'Canada'), (rdflib.term.URIRef('http://dbpedia.org/resource/China'), 'China')]"
http://dbpedia.org/resource/Chile,"[(rdflib.term.URIRef('http://dbpedia.org/resource/Chile'), 'Chile')]"
Croatia,"[(rdflib.term.URIRef('http://dbpedia.org/resource/Croatia'), 'Croatia')]"
http://dbpedia.org/resource/Ghana,"[(rdflib.term.URIRef('http://dbpedia.org/resource/Ghana'), 'Ghana')]"
Venezuela,"[(rdflib.term.URIRef('http://dbpedia.org/resource/Venezuela'), 'Venezuela')]"
http://dbpedia.org/resource/Myanmar,"[(rdflib.term.URIRef('http://dbpedia.org/resource/Myanmar'), 'Myanmar')]"
"Taiwan, R.O.C.","[(rdflib.term.URIRef('http://dbpedia.org/resource/Taiwan'), 'Taiwan')]"
India-United States,"[(rdflib.term.URIRef('http://dbpedia.org/resource/INDIA'), 'INDIA'), (rdflib.term.URIRef('http://dbpedia.org/resource/United_States'), 'United States')]"
http://dbpedia.org/resource/Portugal,"[(rdflib.term.URIRef('http://dbpedia.org/resource/Portugal'), 'Portugal')]"
Kosovo,"[(rdflib.term.URIRef('http://dbpedia.org/resource/Kosovo'), 'Kosovo')]"
"Ireland, United Kingdom, United States","[(rdflib.term.URIRef('http://dbpedia.org/resource/Ireland'), 'Ireland'), (rdflib.term.URIRef('http://dbpedia.org/resource/United_Kingdom'), 'United Kingdom'), (rdflib.term.URIRef('http://dbpedia.org/resource/United_States'), 'United States')]"
"Netherlands, UK","[(rdflib.term.URIRef('http://dbpedia.org/resource/Netherlands'), 'Netherlands'), (rdflib.term.URIRef('http://dbpedia.org/resource/United_Kingdom'), 'United Kingdom')]"
japan,"[(rdflib.term.URIRef('http://dbpedia.org/resource/Japan'), 'Japan')]"
http://dbpedia.org/resource/Ukrainian_SSR,"[(rdflib.term.URIRef('http://dbpedia.org/resource/Ukrainian_SSR'), 'Ukrainian SSR')]"
United Kingdom / Norway,"[(rdflib.term.URIRef('http://dbpedia.org/resource/United_Kingdom'), 'United Kingdom'), (rdflib.term.URIRef('http://dbpedia.org/resource/Norway'), 'Norway')]"
Scotland,"[(rdflib.term.URIRef('http://dbpedia.org/resource/Scotland'), 'Scotland')]"
United States / Canada,"[(rdflib.term.URIRef('http://dbpedia.org/resource/United_States'), 'United States'), (rdflib.term.URIRef('http://dbpedia.org/resource/Canada'), 'Canada')]"
Armenia,"[(rdflib.term.URIRef('http://dbpedia.org/resource/Armenia'), 'Armenia')]"
http://dbpedia.org/resource/Azerbaijan_SSR,"[(rdflib.term.URIRef('http://dbpedia.org/resource/Azerbaijan_SSR'), 'Azerbaijan SSR')]"
United States of America,"[(rdflib.term.URIRef('http://dbpedia.org/resource/United_States_Of_America'), 'United States Of America')]"
France-Syria,"[(rdflib.term.URIRef('http://dbpedia.org/resource/FRANCE'), 'FRANCE'), (rdflib.term.URIRef('http://dbpedia.org/resource/Syria'), 'Syria')]"
http://dbpedia.org/resource/Weimar_Republic,"[(rdflib.term.URIRef('http://dbpedia.org/resource/Weimar_Republic'), 'Weimar Republic')]"
"United States, United Kingdom","[(rdflib.term.URIRef('http://dbpedia.org/resource/United_States'), 'United States'), (rdflib.term.URIRef('http://dbpedia.org/resource/United_Kingdom'), 'United Kingdom')]"
"France, Belgium","[(rdflib.term.URIRef('http://dbpedia.org/resource/FRANCE'), 'FRANCE'), (rdflib.term.URIRef('http://dbpedia.org/resource/Belgium'), 'Belgium')]"
United States/West Germany,"[(rdflib.term.URIRef('http://dbpedia.org/resource/United_States'), 'United States'), (rdflib.term.URIRef('http://dbpedia.org/resource/Germany'), 'Germany')]"
Nepal,"[(rdflib.term.URIRef('http://dbpedia.org/resource/Nepal'), 'Nepal')]"
http://dbpedia.org/resource/SFR_Yugoslavia,"[(rdflib.term.URIRef('http://dbpedia.org/resource/SFR_Yugoslavia'), 'SFR Yugoslavia')]"
http://dbpedia.org/resource/Estonia,"[(rdflib.term.URIRef('http://dbpedia.org/resource/Estonia'), 'Estonia')]"
French,"[(rdflib.term.URIRef('http://dbpedia.org/resource/FRANCE'), 'FRANCE')]"
U.S.A.,"[(rdflib.term.URIRef('http://dbpedia.org/resource/U.S.A.'), 'U.S.A.')]"
Germany / Israel,"[(rdflib.term.URIRef('http://dbpedia.org/resource/Germany'), 'Germany'), (rdflib.term.URIRef('http://dbpedia.org/resource/Israel'), 'Israel')]"
http://dbpedia.org/resource/Syria,"[(rdflib.term.URIRef('http://dbpedia.org/resource/Syria'), 'Syria')]"
http://dbpedia.org/resource/Bulgaria,"[(rdflib.term.URIRef('http://dbpedia.org/resource/Bulgaria'), 'Bulgaria')]"
"Australia, Nepal","[(rdflib.term.URIRef('http://dbpedia.org/resource/Australia'), 'Australia'), (rdflib.term.URIRef('http://dbpedia.org/resource/Nepal'), 'Nepal')]"
http://dbpedia.org/resource/Canada_Arts_Council,"[(rdflib.term.URIRef('http://dbpedia.org/resource/Canada_Arts_Council'), 'Canada Arts Council')]"
http://dbpedia.org/resource/Bolivia,"[(rdflib.term.URIRef('http://dbpedia.org/resource/Bolivia'), 'Bolivia')]"
Australian,"[(rdflib.term.URIRef('http://dbpedia.org/resource/Australian'), 'Australian')]"
Iraq/Netherlands/UK,"[(rdflib.term.URIRef('http://dbpedia.org/resource/Iraq'), 'Iraq'), (rdflib.term.URIRef('http://dbpedia.org/resource/Netherlands'), 'Netherlands'), (rdflib.term.URIRef('http://dbpedia.org/resource/United_Kingdom'), 'United Kingdom')]"
Uganda,"[(rdflib.term.URIRef('http://dbpedia.org/resource/Uganda'), 'Uganda')]"
Democratic Republic of the Congo,"[(rdflib.term.URIRef('http://dbpedia.org/resource/Democratic_Republic_of_the_Congo'), 'Democratic Republic of the Congo')]"
http://dbpedia.org/resource/Cinema_of_Slovakia,"[(rdflib.term.URIRef('http://dbpedia.org/resource/Cinema_of_Slovakia'), 'Cinema of Slovakia')]"
http://dbpedia.org/resource/U.K.,"[(rdflib.term.URIRef('http://dbpedia.org/resource/U.K.'), 'U.K.')]"
http://dbpedia.org/resource/United_States_Live,"[(rdflib.term.URIRef('http://dbpedia.org/resource/United_States_Live'), 'United States Live')]"
http://dbpedia.org/resource/Cinema_of_Thailand,"[(rdflib.term.URIRef('http://dbpedia.org/resource/Cinema_of_Thailand'), 'Cinema of Thailand')]"
http://dbpedia.org/resource/Cuba,"[(rdflib.term.URIRef('http://dbpedia.org/resource/Cuba'), 'Cuba')]"
http://dbpedia.org/resource/Niger,"[(rdflib.term.URIRef('http://dbpedia.org/resource/Niger'), 'Niger')]"
Dominican Republic,"[(rdflib.term.URIRef('http://dbpedia.org/resource/Dominican_Republic'), 'Dominican Republic')]"
http://dbpedia.org/resource/Indian_cinema,"[(rdflib.term.URIRef('http://dbpedia.org/resource/Indian_cinema'), 'Indian cinema')]"
FR Yugoslavia,"[(rdflib.term.URIRef('http://dbpedia.org/resource/FR_Yugoslavia'), 'FR Yugoslavia')]"
U.K.,"[(rdflib.term.URIRef('http://dbpedia.org/resource/U.K.'), 'U.K.')]"
http://dbpedia.org/resource/Paraguay,"[(rdflib.term.URIRef('http://dbpedia.org/resource/Paraguay'), 'Paraguay')]"
North Korea,"[(rdflib.term.URIRef('http://dbpedia.org/resource/North_Korea'), 'North Korea')]"
http://dbpedia.org/resource/Yugoslavia,"[(rdflib.term.URIRef('http://dbpedia.org/resource/Yugoslavia'), 'Yugoslavia')]"
Burkina Faso,"[(rdflib.term.URIRef('http://dbpedia.org/resource/Burkina_Faso'), 'Burkina Faso')]"
Hong Kong S.A.R.,"[(rdflib.term.URIRef('http://dbpedia.org/resource/China'), 'China')]"
Sri Lanka,"[(rdflib.term.URIRef('http://dbpedia.org/resource/Sri_Lanka'), 'Sri Lanka')]"
England,"[(rdflib.term.URIRef('http://dbpedia.org/resource/England'), 'England')]"
"France, Italy","[(rdflib.term.URIRef('http://dbpedia.org/resource/FRANCE'), 'FRANCE'), (rdflib.term.URIRef('http://dbpedia.org/resource/Italy'), 'Italy')]"
http://dbpedia.org/resource/Switzerland,"[(rdflib.term.URIRef('http://dbpedia.org/resource/Switzerland'), 'Switzerland')]"
"Bulgaria, Republic of Macedonia","[(rdflib.term.URIRef('http://dbpedia.org/resource/Bulgaria'), 'Bulgaria'), (rdflib.term.URIRef('http://dbpedia.org/resource/Republic_of_Macedonia'), 'Republic of Macedonia')]"
Serbia and Montenegro,"[(rdflib.term.URIRef('http://dbpedia.org/resource/Serbia_and_Montenegro'), 'Serbia and Montenegro')]"
http://dbpedia.org/resource/British_Raj,"[(rdflib.term.URIRef('http://dbpedia.org/resource/British_Raj'), 'British Raj')]"
Worldwide,[]
http://dbpedia.org/resource/Romania,"[(rdflib.term.URIRef('http://dbpedia.org/resource/Romania'), 'Romania')]"
http://dbpedia.org/resource/Independent_State_of_Croatia,"[(rdflib.term.URIRef('http://dbpedia.org/resource/Independent_State_of_Croatia'), 'Independent State of Croatia')]"
http://dbpedia.org/resource/Cinema_of_Hong_Kong,"[(rdflib.term.URIRef('http://dbpedia.org/resource/Cinema_of_Hong_Kong'), 'Cinema of Hong Kong')]"
http://dbpedia.org/resource/Nepali_language,"[(rdflib.term.URIRef('http://dbpedia.org/resource/Nepali_language'), 'Nepali language')]"
http://dbpedia.org/resource/Protectorate_of_Bohemia_and_Moravia,"[(rdflib.term.URIRef('http://dbpedia.org/resource/Protectorate_of_Bohemia_and_Moravia'), 'Protectorate of Bohemia and Moravia')]"
http://dbpedia.org/resource/Nepal,"[(rdflib.term.URIRef('http://dbpedia.org/resource/Nepal'), 'Nepal')]"
http://dbpedia.org/resource/Saudi_Arabia,"[(rdflib.term.URIRef('http://dbpedia.org/resource/Saudi_Arabia'), 'Saudi Arabia')]"
http://dbpedia.org/resource/German_Democratic_Republic,"[(rdflib.term.URIRef('http://dbpedia.org/resource/German_Democratic_Republic'), 'German Democratic Republic')]"
http://dbpedia.org/resource/Armenia,"[(rdflib.term.URIRef('http://dbpedia.org/resource/Armenia'), 'Armenia')]"
"Ibadan, Oyo state, Nigeria","[(rdflib.term.URIRef('http://dbpedia.org/resource/Nigeria'), 'Nigeria')]"
Bhutan,"[(rdflib.term.URIRef('http://dbpedia.org/resource/Bhutan'), 'Bhutan')]"
http://dbpedia.org/resource/British_India,"[(rdflib.term.URIRef('http://dbpedia.org/resource/British_India'), 'British India')]"
"Sweden, Denmark","[(rdflib.term.URIRef('http://dbpedia.org/resource/Sweden'), 'Sweden'), (rdflib.term.URIRef('http://dbpedia.org/resource/Denmark'), 'Denmark')]"
Kenya,"[(rdflib.term.URIRef('http://dbpedia.org/resource/Kenya'), 'Kenya')]"
"Bulgaria, Canada","[(rdflib.term.URIRef('http://dbpedia.org/resource/Bulgaria'), 'Bulgaria'), (rdflib.term.URIRef('http://dbpedia.org/resource/Canada'), 'Canada')]"
http://dbpedia.org/resource/British_Hong_Kong,"[(rdflib.term.URIRef('http://dbpedia.org/resource/British_Hong_Kong'), 'British Hong Kong')]"
http://dbpedia.org/resource/Costa_Rica,"[(rdflib.term.URIRef('http://dbpedia.org/resource/Costa_Rica'), 'Costa Rica')]"
lagos Nigeria,"[(rdflib.term.URIRef('http://dbpedia.org/resource/Nigeria'), 'Nigeria')]"
http://dbpedia.org/resource/Republic_of_Ireland,"[(rdflib.term.URIRef('http://dbpedia.org/resource/Republic_of_Ireland'), 'Republic of Ireland')]"
http://dbpedia.org/resource/Mainland_China,"[(rdflib.term.URIRef('http://dbpedia.org/resource/Mainland_China'), 'Mainland China')]"
Belarus,"[(rdflib.term.URIRef('http://dbpedia.org/resource/Belarus'), 'Belarus')]"
http://dbpedia.org/resource/Cinema_of_Romania,"[(rdflib.term.URIRef('http://dbpedia.org/resource/Cinema_of_Romania'), 'Cinema of Romania')]"
http://dbpedia.org/resource/India_cricket_team,"[(rdflib.term.URIRef('http://dbpedia.org/resource/India_cricket_team'), 'India cricket team')]"
East Pakistan,"[(rdflib.term.URIRef('http://dbpedia.org/resource/East_Pakistan'), 'East Pakistan')]"
http://dbpedia.org/resource/Cinema_of_Serbia,"[(rdflib.term.URIRef('http://dbpedia.org/resource/Cinema_of_Serbia'), 'Cinema of Serbia')]"
http://dbpedia.org/resource/UK,"[(rdflib.term.URIRef('http://dbpedia.org/resource/UK'), 'UK')]"
http://dbpedia.org/resource/Moldova,"[(rdflib.term.URIRef('http://dbpedia.org/resource/Moldova'), 'Moldova')]"
http://dbpedia.org/resource/Imperial_Russia,"[(rdflib.term.URIRef('http://dbpedia.org/resource/Imperial_Russia'), 'Imperial Russia')]"
http://dbpedia.org/resource/Monaco,"[(rdflib.term.URIRef('http://dbpedia.org/resource/Monaco'), 'Monaco')]"
United states,"[(rdflib.term.URIRef('http://dbpedia.org/resource/United_States'), 'United States')]"
"Ireland, United Kingdom","[(rdflib.term.URIRef('http://dbpedia.org/resource/Ireland'), 'Ireland'), (rdflib.term.URIRef('http://dbpedia.org/resource/United_Kingdom'), 'United Kingdom')]"
United Satates,"[(rdflib.term.URIRef('http://dbpedia.org/resource/United_States'), 'United States')]"
"Australia, Canada, United States","[(rdflib.term.URIRef('http://dbpedia.org/resource/Australia'), 'Australia'), (rdflib.term.URIRef('http://dbpedia.org/resource/Canada'), 'Canada'), (rdflib.term.URIRef('http://dbpedia.org/resource/United_States'), 'United States')]"
USSR,"[(rdflib.term.URIRef('http://dbpedia.org/resource/USSR'), 'USSR')]"
"Soviet Union, Poland, Czechoslovakia, West Germany","[(rdflib.term.URIRef('http://dbpedia.org/resource/Soviet_Union'), 'Soviet Union'), (rdflib.term.URIRef('http://dbpedia.org/resource/Poland'), 'Poland'), (rdflib.term.URIRef('http://dbpedia.org/resource/Czechoslovakia'), 'Czechoslovakia'), (rdflib.term.URIRef('http://dbpedia.org/resource/Germany'), 'Germany')]"
"Soviet Union, Japan","[(rdflib.term.URIRef('http://dbpedia.org/resource/Soviet_Union'), 'Soviet Union'), (rdflib.term.URIRef('http://dbpedia.org/resource/Japan'), 'Japan')]"
http://dbpedia.org/resource/Cinema_of_the_Soviet_Union,"[(rdflib.term.URIRef('http://dbpedia.org/resource/Cinema_of_the_Soviet_Union'), 'Cinema of the Soviet Union')]"
"Soviet Union, France","[(rdflib.term.URIRef('http://dbpedia.org/resource/Soviet_Union'), 'Soviet Union'), (rdflib.term.URIRef('http://dbpedia.org/resource/FRANCE'), 'FRANCE')]"
http://dbpedia.org/resource/Cinema_of_Egypt,"[(rdflib.term.URIRef('http://dbpedia.org/resource/Cinema_of_Egypt'), 'Cinema of Egypt')]"
U.S.,"[(rdflib.term.URIRef('http://dbpedia.org/resource/U.S.'), 'U.S.')]"
United States04,"[(rdflib.term.URIRef('http://dbpedia.org/resource/United_States'), 'United States')]"
http://dbpedia.org/resource/Cinema_of_the_United_Kingdom,"[(rdflib.term.URIRef('http://dbpedia.org/resource/Cinema_of_the_United_Kingdom'), 'Cinema of the United Kingdom')]"
http://dbpedia.org/resource/Empire_of_Japan,"[(rdflib.term.URIRef('http://dbpedia.org/resource/Empire_of_Japan'), 'Empire of Japan')]"
"Indonesia, Japan","[(rdflib.term.URIRef('http://dbpedia.org/resource/Indonesia'), 'Indonesia'), (rdflib.term.URIRef('http://dbpedia.org/resource/Japan'), 'Japan')]"
Union of Soviet Socialist Republics,"[(rdflib.term.URIRef('http://dbpedia.org/resource/Union_of_Soviet_Socialist_Republics'), 'Union of Soviet Socialist Republics')]"
http://dbpedia.org/resource/Malawi,"[(rdflib.term.URIRef('http://dbpedia.org/resource/Malawi'), 'Malawi')]"
United Statyes,"[(rdflib.term.URIRef('http://dbpedia.org/resource/United_States'), 'United States')]"
Britain/Germany,"[(rdflib.term.URIRef('http://dbpedia.org/resource/United_Kingdom'), 'United Kingdom'), (rdflib.term.URIRef('http://dbpedia.org/resource/Germany'), 'Germany')]"
http://dbpedia.org/resource/Polish_People's_Republic,"[(rdflib.term.URIRef(""http://dbpedia.org/resource/Polish_People's_Republic""), ""Polish People's Republic"")]"
"France
                   United Kingdom
                   United States","[(rdflib.term.URIRef('http://dbpedia.org/resource/FRANCE'), 'FRANCE'), (rdflib.term.URIRef('http://dbpedia.org/resource/United_Kingdom'), 'United Kingdom'), (rdflib.term.URIRef('http://dbpedia.org/resource/United_States'), 'United States')]"
http://dbpedia.org/resource/Malta,"[(rdflib.term.URIRef('http://dbpedia.org/resource/Malta'), 'Malta')]"
http://dbpedia.org/resource/Cinema_of_Hungary,"[(rdflib.term.URIRef('http://dbpedia.org/resource/Cinema_of_Hungary'), 'Cinema of Hungary')]"
Northern Ireland,"[(rdflib.term.URIRef('http://dbpedia.org/resource/Northern_Ireland'), 'Northern Ireland')]"
"Germany, France, Ireland","[(rdflib.term.URIRef('http://dbpedia.org/resource/Germany'), 'Germany'), (rdflib.term.URIRef('http://dbpedia.org/resource/FRANCE'), 'FRANCE'), (rdflib.term.URIRef('http://dbpedia.org/resource/Ireland'), 'Ireland')]"
http://dbpedia.org/resource/French_Third_Republic,"[(rdflib.term.URIRef('http://dbpedia.org/resource/French_Third_Republic'), 'French Third Republic')]"
United Statesi,"[(rdflib.term.URIRef('http://dbpedia.org/resource/United_States'), 'United States')]"
http://dbpedia.org/resource/Irish_Free_State,"[(rdflib.term.URIRef('http://dbpedia.org/resource/Irish_Free_State'), 'Irish Free State')]"
Japanese,"[(rdflib.term.URIRef('http://dbpedia.org/resource/Japan'), 'Japan')]"
United Kingdom / France,"[(rdflib.term.URIRef('http://dbpedia.org/resource/United_Kingdom'), 'United Kingdom'), (rdflib.term.URIRef('http://dbpedia.org/resource/FRANCE'), 'FRANCE')]"
http://dbpedia.org/resource/Dominion_of_India,"[(rdflib.term.URIRef('http://dbpedia.org/resource/Dominion_of_India'), 'Dominion of India')]"
"United States 
Stuntman- Dustin DeMont","[(rdflib.term.URIRef('http://dbpedia.org/resource/United_States'), 'United States')]"
http://dbpedia.org/resource/Cinema_of_the_Philippines,"[(rdflib.term.URIRef('http://dbpedia.org/resource/Cinema_of_the_Philippines'), 'Cinema of the Philippines')]"
http://dbpedia.org/resource/Battle_of_France,"[(rdflib.term.URIRef('http://dbpedia.org/resource/Battle_of_France'), 'Battle of France')]"
http://dbpedia.org/resource/Cinema_of_France,"[(rdflib.term.URIRef('http://dbpedia.org/resource/Cinema_of_France'), 'Cinema of France')]"
http://dbpedia.org/resource/India_national_cricket_team,"[(rdflib.term.URIRef('http://dbpedia.org/resource/India_national_cricket_team'), 'India national cricket team')]"
Great Britain,"[(rdflib.term.URIRef('http://dbpedia.org/resource/United_Kingdom'), 'United Kingdom')]"
http://dbpedia.org/resource/Hong_Kong_people,"[(rdflib.term.URIRef('http://dbpedia.org/resource/Hong_Kong_people'), 'Hong Kong people')]"
http://dbpedia.org/resource/Hong_Kong_action_cinema,"[(rdflib.term.URIRef('http://dbpedia.org/resource/Hong_Kong_action_cinema'), 'Hong Kong action cinema')]"
http://dbpedia.org/resource/Cinema_of_the_Czech_Republic,"[(rdflib.term.URIRef('http://dbpedia.org/resource/Cinema_of_the_Czech_Republic'), 'Cinema of the Czech Republic')]"
Terrebonne,[]
http://dbpedia.org/resource/Soviet_occupation_zone,"[(rdflib.term.URIRef('http://dbpedia.org/resource/Soviet_occupation_zone'), 'Soviet occupation zone')]"
http://dbpedia.org/resource/Soviet_Occupation_Zone,"[(rdflib.term.URIRef('http://dbpedia.org/resource/Soviet_Occupation_Zone'), 'Soviet Occupation Zone')]"
FranceUnited Kingdom,"[(rdflib.term.URIRef('http://dbpedia.org/resource/FRANCE'), 'FRANCE'), (rdflib.term.URIRef('http://dbpedia.org/resource/United_Kingdom'), 'United Kingdom')]"
"India, UK, Bangladesh","[(rdflib.term.URIRef('http://dbpedia.org/resource/INDIA'), 'INDIA'), (rdflib.term.URIRef('http://dbpedia.org/resource/United_Kingdom'), 'United Kingdom'), (rdflib.term.URIRef('http://dbpedia.org/resource/Bangladesh'), 'Bangladesh')]"
http://dbpedia.org/resource/Cinema_of_India,"[(rdflib.term.URIRef('http://dbpedia.org/resource/Cinema_of_India'), 'Cinema of India')]"
France-Italy,"[(rdflib.term.URIRef('http://dbpedia.org/resource/FRANCE'), 'FRANCE'), (rdflib.term.URIRef('http://dbpedia.org/resource/Italy'), 'Italy')]"
"France, Germany, Spain","[(rdflib.term.URIRef('http://dbpedia.org/resource/FRANCE'), 'FRANCE'), (rdflib.term.URIRef('http://dbpedia.org/resource/Germany'), 'Germany'), (rdflib.term.URIRef('http://dbpedia.org/resource/Spain'), 'Spain')]"
http://dbpedia.org/resource/Hong_Kong_Stock_Exchange,"[(rdflib.term.URIRef('http://dbpedia.org/resource/Hong_Kong_Stock_Exchange'), 'Hong Kong Stock Exchange')]"
http://dbpedia.org/resource/Cinema_of_Spain,"[(rdflib.term.URIRef('http://dbpedia.org/resource/Cinema_of_Spain'), 'Cinema of Spain')]"
http://dbpedia.org/resource/Republic_of_China,"[(rdflib.term.URIRef('http://dbpedia.org/resource/Republic_of_China'), 'Republic of China')]"
http://dbpedia.org/resource/History_of_Australia_(1851–1900),"[(rdflib.term.URIRef('http://dbpedia.org/resource/History_of_Australia_(1851–1900)'), 'History of Australia (1851–1900)')]"
Mali,"[(rdflib.term.URIRef('http://dbpedia.org/resource/Mali'), 'Mali')]"
http://dbpedia.org/resource/São_Paulo_International_Film_Festival,"[(rdflib.term.URIRef('http://dbpedia.org/resource/São_Paulo_International_Film_Festival'), 'São Paulo International Film Festival')]"
"United Kingdom, United States, Japan","[(rdflib.term.URIRef('http://dbpedia.org/resource/United_Kingdom'), 'United Kingdom'), (rdflib.term.URIRef('http://dbpedia.org/resource/United_States'), 'United States'), (rdflib.term.URIRef('http://dbpedia.org/resource/Japan'), 'Japan')]"
"Japan, United States","[(rdflib.term.URIRef('http://dbpedia.org/resource/Japan'), 'Japan'), (rdflib.term.URIRef('http://dbpedia.org/resource/United_States'), 'United States')]"
http://dbpedia.org/resource/Burkina_Faso,"[(rdflib.term.URIRef('http://dbpedia.org/resource/Burkina_Faso'), 'Burkina Faso')]"
United Kingdom/India,"[(rdflib.term.URIRef('http://dbpedia.org/resource/United_Kingdom'), 'United Kingdom'), (rdflib.term.URIRef('http://dbpedia.org/resource/INDIA'), 'INDIA')]"
Made on location in England and Scotland,"[(rdflib.term.URIRef('http://dbpedia.org/resource/United_Kingdom'), 'United Kingdom')]"
"Austria, Canada, United Kingdom, Germany","[(rdflib.term.URIRef('http://dbpedia.org/resource/Austria'), 'Austria'), (rdflib.term.URIRef('http://dbpedia.org/resource/Canada'), 'Canada'), (rdflib.term.URIRef('http://dbpedia.org/resource/United_Kingdom'), 'United Kingdom'), (rdflib.term.URIRef('http://dbpedia.org/resource/Germany'), 'Germany')]"
http://dbpedia.org/resource/USA,"[(rdflib.term.URIRef('http://dbpedia.org/resource/USA'), 'USA')]"
Italy / France / UK,"[(rdflib.term.URIRef('http://dbpedia.org/resource/Italy'), 'Italy'), (rdflib.term.URIRef('http://dbpedia.org/resource/FRANCE'), 'FRANCE'), (rdflib.term.URIRef('http://dbpedia.org/resource/United_Kingdom'), 'United Kingdom')]"
http://dbpedia.org/resource/Guinea-Bissau,"[(rdflib.term.URIRef('http://dbpedia.org/resource/Guinea-Bissau'), 'Guinea-Bissau')]"
United States/Romania,"[(rdflib.term.URIRef('http://dbpedia.org/resource/United_States'), 'United States'), (rdflib.term.URIRef('http://dbpedia.org/resource/Romania'), 'Romania')]"
Italy / Germany,"[(rdflib.term.URIRef('http://dbpedia.org/resource/Italy'), 'Italy'), (rdflib.term.URIRef('http://dbpedia.org/resource/Germany'), 'Germany')]"
"Australia, Italy","[(rdflib.term.URIRef('http://dbpedia.org/resource/Australia'), 'Australia'), (rdflib.term.URIRef('http://dbpedia.org/resource/Italy'), 'Italy')]"
http://dbpedia.org/resource/Cape_Verde,"[(rdflib.term.URIRef('http://dbpedia.org/resource/Cape_Verde'), 'Cape Verde')]"
http://dbpedia.org/resource/Belarus,"[(rdflib.term.URIRef('http://dbpedia.org/resource/Belarus'), 'Belarus')]"
http://dbpedia.org/resource/Federal_Republic_of_Yugoslavia,"[(rdflib.term.URIRef('http://dbpedia.org/resource/Federal_Republic_of_Yugoslavia'), 'Federal Republic of Yugoslavia')]"
http://dbpedia.org/resource/Cinema_of_Israel,"[(rdflib.term.URIRef('http://dbpedia.org/resource/Cinema_of_Israel'), 'Cinema of Israel')]"
http://dbpedia.org/resource/People's_Republic_of_China,"[(rdflib.term.URIRef(""http://dbpedia.org/resource/People's_Republic_of_China""), ""People's Republic of China"")]"
http://dbpedia.org/resource/Slovakia,"[(rdflib.term.URIRef('http://dbpedia.org/resource/Slovakia'), 'Slovakia')]"
France / Luxembourg / Canada / Italy,"[(rdflib.term.URIRef('http://dbpedia.org/resource/FRANCE'), 'FRANCE'), (rdflib.term.URIRef('http://dbpedia.org/resource/Luxembourg'), 'Luxembourg'), (rdflib.term.URIRef('http://dbpedia.org/resource/Canada'), 'Canada'), (rdflib.term.URIRef('http://dbpedia.org/resource/Italy'), 'Italy')]"
"United States, Canada","[(rdflib.term.URIRef('http://dbpedia.org/resource/United_States'), 'United States'), (rdflib.term.URIRef('http://dbpedia.org/resource/Canada'), 'Canada')]"
Germany-Turkey,"[(rdflib.term.URIRef('http://dbpedia.org/resource/Germany'), 'Germany'), (rdflib.term.URIRef('http://dbpedia.org/resource/Turkey'), 'Turkey')]"
http://dbpedia.org/resource/Algeria,"[(rdflib.term.URIRef('http://dbpedia.org/resource/Algeria'), 'Algeria')]"
"UK, US","[(rdflib.term.URIRef('http://dbpedia.org/resource/United_Kingdom'), 'United Kingdom'), (rdflib.term.URIRef('http://dbpedia.org/resource/US'), 'US')]"
"United Kingdom, France, Luxembourg","[(rdflib.term.URIRef('http://dbpedia.org/resource/United_Kingdom'), 'United Kingdom'), (rdflib.term.URIRef('http://dbpedia.org/resource/FRANCE'), 'FRANCE'), (rdflib.term.URIRef('http://dbpedia.org/resource/Luxembourg'), 'Luxembourg')]"
http://dbpedia.org/resource/The_Netherlands,"[(rdflib.term.URIRef('http://dbpedia.org/resource/The_Netherlands'), 'The Netherlands')]"
Canada/United States,"[(rdflib.term.URIRef('http://dbpedia.org/resource/Canada'), 'Canada'), (rdflib.term.URIRef('http://dbpedia.org/resource/United_States'), 'United States')]"
http://dbpedia.org/resource/Ivory_Coast,"[(rdflib.term.URIRef('http://dbpedia.org/resource/Ivory_Coast'), 'Ivory Coast')]"
United States. France & German,"[(rdflib.term.URIRef('http://dbpedia.org/resource/United_States'), 'United States'), (rdflib.term.URIRef('http://dbpedia.org/resource/FRANCE'), 'FRANCE'), (rdflib.term.URIRef('http://dbpedia.org/resource/Germany'), 'Germany')]"
http://dbpedia.org/resource/Cinema_of_Canada,"[(rdflib.term.URIRef('http://dbpedia.org/resource/Cinema_of_Canada'), 'Cinema of Canada')]"
"Italy, France, Spain","[(rdflib.term.URIRef('http://dbpedia.org/resource/Italy'), 'Italy'), (rdflib.term.URIRef('http://dbpedia.org/resource/FRANCE'), 'FRANCE'), (rdflib.term.URIRef('http://dbpedia.org/resource/Spain'), 'Spain')]"
http://dbpedia.org/resource/Albania,"[(rdflib.term.URIRef('http://dbpedia.org/resource/Albania'), 'Albania')]"
People's Republic of China,"[(rdflib.term.URIRef('http://dbpedia.org/resource/China'), 'China')]"
http://dbpedia.org/resource/Liberia,"[(rdflib.term.URIRef('http://dbpedia.org/resource/Liberia'), 'Liberia')]"
http://dbpedia.org/resource/Bosnia_and_Herzegovina,"[(rdflib.term.URIRef('http://dbpedia.org/resource/Bosnia_and_Herzegovina'), 'Bosnia and Herzegovina')]"
http://dbpedia.org/resource/State_of_Palestine,"[(rdflib.term.URIRef('http://dbpedia.org/resource/State_of_Palestine'), 'State of Palestine')]"
http://dbpedia.org/resource/Jamaica,"[(rdflib.term.URIRef('http://dbpedia.org/resource/Jamaica'), 'Jamaica')]"
China/France,"[(rdflib.term.URIRef('http://dbpedia.org/resource/China'), 'China'), (rdflib.term.URIRef('http://dbpedia.org/resource/FRANCE'), 'FRANCE')]"
Tajikistan,"[(rdflib.term.URIRef('http://dbpedia.org/resource/Tajikistan'), 'Tajikistan')]"
Indonesia/Austria,"[(rdflib.term.URIRef('http://dbpedia.org/resource/Indonesia'), 'Indonesia'), (rdflib.term.URIRef('http://dbpedia.org/resource/Austria'), 'Austria')]"
http://dbpedia.org/resource/Cinema_of_Australia,"[(rdflib.term.URIRef('http://dbpedia.org/resource/Cinema_of_Australia'), 'Cinema of Australia')]"
http://dbpedia.org/resource/Palestinian_territories,"[(rdflib.term.URIRef('http://dbpedia.org/resource/Palestinian_territories'), 'Palestinian territories')]"
Türk,"[(rdflib.term.URIRef('http://dbpedia.org/resource/Turkey'), 'Turkey')]"
http://dbpedia.org/resource/Luxembourg,"[(rdflib.term.URIRef('http://dbpedia.org/resource/Luxembourg'), 'Luxembourg')]"
http://dbpedia.org/resource/Cinema_of_Japan,"[(rdflib.term.URIRef('http://dbpedia.org/resource/Cinema_of_Japan'), 'Cinema of Japan')]"
United Kingdom Germany,"[(rdflib.term.URIRef('http://dbpedia.org/resource/United_Kingdom'), 'United Kingdom'), (rdflib.term.URIRef('http://dbpedia.org/resource/Germany'), 'Germany')]"
http://dbpedia.org/resource/Tuvalu,"[(rdflib.term.URIRef('http://dbpedia.org/resource/Tuvalu'), 'Tuvalu')]"
Cyprus,"[(rdflib.term.URIRef('http://dbpedia.org/resource/Cyprus'), 'Cyprus')]"
http://dbpedia.org/resource/Cinema_of_Malaysia,"[(rdflib.term.URIRef('http://dbpedia.org/resource/Cinema_of_Malaysia'), 'Cinema of Malaysia')]"
http://dbpedia.org/resource/Slovenia,"[(rdflib.term.URIRef('http://dbpedia.org/resource/Slovenia'), 'Slovenia')]"
http://dbpedia.org/resource/Puerto_Rico,"[(rdflib.term.URIRef('http://dbpedia.org/resource/Puerto_Rico'), 'Puerto Rico')]"
http://dbpedia.org/resource/Afghanistan,"[(rdflib.term.URIRef('http://dbpedia.org/resource/Afghanistan'), 'Afghanistan')]"
"Portugal, USA","[(rdflib.term.URIRef('http://dbpedia.org/resource/Portugal'), 'Portugal'), (rdflib.term.URIRef('http://dbpedia.org/resource/United_States'), 'United States')]"
http://dbpedia.org/resource/São_Tomé_and_Príncipe,"[(rdflib.term.URIRef('http://dbpedia.org/resource/São_Tomé_and_Príncipe'), 'São Tomé and Príncipe')]"
http://dbpedia.org/resource/Botswana,"[(rdflib.term.URIRef('http://dbpedia.org/resource/Botswana'), 'Botswana')]"
http://dbpedia.org/resource/Senegal,"[(rdflib.term.URIRef('http://dbpedia.org/resource/Senegal'), 'Senegal')]"
http://dbpedia.org/resource/Cinema_of_the_Netherlands,"[(rdflib.term.URIRef('http://dbpedia.org/resource/Cinema_of_the_Netherlands'), 'Cinema of the Netherlands')]"
http://dbpedia.org/resource/Participants_in_World_War_II,"[(rdflib.term.URIRef('http://dbpedia.org/resource/Participants_in_World_War_II'), 'Participants in World War II')]"
United States United States,"[(rdflib.term.URIRef('http://dbpedia.org/resource/United_States'), 'United States')]"
http://dbpedia.org/resource/West_Bengal,"[(rdflib.term.URIRef('http://dbpedia.org/resource/West_Bengal'), 'West Bengal')]"
"Denmark, Somalia","[(rdflib.term.URIRef('http://dbpedia.org/resource/Denmark'), 'Denmark'), (rdflib.term.URIRef('http://dbpedia.org/resource/Somalia'), 'Somalia')]"
Swedish,"[(rdflib.term.URIRef('http://dbpedia.org/resource/Sweden'), 'Sweden')]"
Norway / France,"[(rdflib.term.URIRef('http://dbpedia.org/resource/Norway'), 'Norway'), (rdflib.term.URIRef('http://dbpedia.org/resource/FRANCE'), 'FRANCE')]"
http://dbpedia.org/resource/Sierra_Leone,"[(rdflib.term.URIRef('http://dbpedia.org/resource/Sierra_Leone'), 'Sierra Leone')]"
Phoenix Arizona,"[(rdflib.term.URIRef('http://dbpedia.org/resource/United_States'), 'United States')]"
"Sweden, Norway","[(rdflib.term.URIRef('http://dbpedia.org/resource/Sweden'), 'Sweden'), (rdflib.term.URIRef('http://dbpedia.org/resource/Norway'), 'Norway')]"
United Kingdom/ Norway,"[(rdflib.term.URIRef('http://dbpedia.org/resource/United_Kingdom'), 'United Kingdom'), (rdflib.term.URIRef('http://dbpedia.org/resource/Norway'), 'Norway')]"
USA / Iceland,"[(rdflib.term.URIRef('http://dbpedia.org/resource/United_States'), 'United States'), (rdflib.term.URIRef('http://dbpedia.org/resource/Iceland'), 'Iceland')]"
Venezuela/Spain,"[(rdflib.term.URIRef('http://dbpedia.org/resource/Venezuela'), 'Venezuela'), (rdflib.term.URIRef('http://dbpedia.org/resource/Spain'), 'Spain')]"
"Germany, Japan","[(rdflib.term.URIRef('http://dbpedia.org/resource/Germany'), 'Germany'), (rdflib.term.URIRef('http://dbpedia.org/resource/Japan'), 'Japan')]"
Indian,"[(rdflib.term.URIRef('http://dbpedia.org/resource/INDIA'), 'INDIA')]"
"US, UK, Denmark","[(rdflib.term.URIRef('http://dbpedia.org/resource/US'), 'US'), (rdflib.term.URIRef('http://dbpedia.org/resource/United_Kingdom'), 'United Kingdom'), (rdflib.term.URIRef('http://dbpedia.org/resource/Denmark'), 'Denmark')]"
Luxembourgh,"[(rdflib.term.URIRef('http://dbpedia.org/resource/Luxembourg'), 'Luxembourg')]"
"USA, UK","[(rdflib.term.URIRef('http://dbpedia.org/resource/United_States'), 'United States'), (rdflib.term.URIRef('http://dbpedia.org/resource/United_Kingdom'), 'United Kingdom')]"
American,"[(rdflib.term.URIRef('http://dbpedia.org/resource/United_States'), 'United States')]"
"Belgium, USA","[(rdflib.term.URIRef('http://dbpedia.org/resource/Belgium'), 'Belgium'), (rdflib.term.URIRef('http://dbpedia.org/resource/United_States'), 'United States')]"
http://dbpedia.org/resource/Kuwait,"[(rdflib.term.URIRef('http://dbpedia.org/resource/Kuwait'), 'Kuwait')]"
http://dbpedia.org/resource/Cinema_of_Ireland,"[(rdflib.term.URIRef('http://dbpedia.org/resource/Cinema_of_Ireland'), 'Cinema of Ireland')]"
http://dbpedia.org/resource/Lesotho,"[(rdflib.term.URIRef('http://dbpedia.org/resource/Lesotho'), 'Lesotho')]"
"United States, Italy","[(rdflib.term.URIRef('http://dbpedia.org/resource/United_States'), 'United States'), (rdflib.term.URIRef('http://dbpedia.org/resource/Italy'), 'Italy')]"
Lithuania,"[(rdflib.term.URIRef('http://dbpedia.org/resource/Lithuania'), 'Lithuania')]"
87.0,[]
http://dbpedia.org/resource/Tanzania,"[(rdflib.term.URIRef('http://dbpedia.org/resource/Tanzania'), 'Tanzania')]"
Ecuador,"[(rdflib.term.URIRef('http://dbpedia.org/resource/Ecuador'), 'Ecuador')]"
http://dbpedia.org/resource/Honduras,"[(rdflib.term.URIRef('http://dbpedia.org/resource/Honduras'), 'Honduras')]"
http://dbpedia.org/resource/Papua_New_Guinea,"[(rdflib.term.URIRef('http://dbpedia.org/resource/Papua_New_Guinea'), 'Papua New Guinea')]"
"The United States, Philippines, Mexico","[(rdflib.term.URIRef('http://dbpedia.org/resource/The_United_States'), 'The United States'), (rdflib.term.URIRef('http://dbpedia.org/resource/Philippines'), 'Philippines'), (rdflib.term.URIRef('http://dbpedia.org/resource/Mexico'), 'Mexico')]"
Albania,"[(rdflib.term.URIRef('http://dbpedia.org/resource/Albania'), 'Albania')]"
"US, Poland","[(rdflib.term.URIRef('http://dbpedia.org/resource/US'), 'US'), (rdflib.term.URIRef('http://dbpedia.org/resource/Poland'), 'Poland')]"
http://dbpedia.org/resource/Cameroon,"[(rdflib.term.URIRef('http://dbpedia.org/resource/Cameroon'), 'Cameroon')]"
"United States, Russia","[(rdflib.term.URIRef('http://dbpedia.org/resource/United_States'), 'United States'), (rdflib.term.URIRef('http://dbpedia.org/resource/Russia'), 'Russia')]"
United Arab Emirates,"[(rdflib.term.URIRef('http://dbpedia.org/resource/United_Arab_Emirates'), 'United Arab Emirates')]"
Republic of Ireland,"[(rdflib.term.URIRef('http://dbpedia.org/resource/Republic_of_Ireland'), 'Republic of Ireland')]"
http://dbpedia.org/resource/Dominican_Republic,"[(rdflib.term.URIRef('http://dbpedia.org/resource/Dominican_Republic'), 'Dominican Republic')]"
http://dbpedia.org/resource/Benin,"[(rdflib.term.URIRef('http://dbpedia.org/resource/Benin'), 'Benin')]"
"Israel, Germany","[(rdflib.term.URIRef('http://dbpedia.org/resource/Israel'), 'Israel'), (rdflib.term.URIRef('http://dbpedia.org/resource/Germany'), 'Germany')]"
"United States 

 Pittsburgh, Pennsylvania","[(rdflib.term.URIRef('http://dbpedia.org/resource/United_States'), 'United States'), (rdflib.term.URIRef('http://dbpedia.org/resource/United_States'), 'United States'), (rdflib.term.URIRef('http://dbpedia.org/resource/United_States'), 'United States')]"
South Korean,"[(rdflib.term.URIRef('http://dbpedia.org/resource/South_Korean'), 'South Korean')]"
http://dbpedia.org/resource/Sudan,"[(rdflib.term.URIRef('http://dbpedia.org/resource/Sudan'), 'Sudan')]"
Tanzania,"[(rdflib.term.URIRef('http://dbpedia.org/resource/Tanzania'), 'Tanzania')]"
"Germany, US","[(rdflib.term.URIRef('http://dbpedia.org/resource/Germany'), 'Germany'), (rdflib.term.URIRef('http://dbpedia.org/resource/US'), 'US')]"
"Senegal, Ivory Coast","[(rdflib.term.URIRef('http://dbpedia.org/resource/Senegal'), 'Senegal'), (rdflib.term.URIRef('http://dbpedia.org/resource/Ivory_Coast'), 'Ivory Coast')]"
http://dbpedia.org/resource/Peru,"[(rdflib.term.URIRef('http://dbpedia.org/resource/Peru'), 'Peru')]"
