,0
0,Syfy
1,Drama film
2,Documentary; TV special
3,Docudrama
4,Action film
5,Alternate history; Science fiction
6,Animation; Comedy; Mystery fiction
7,Comedy drama
8,Sitcom
9,Situation comedy
10,Telenovela
11,Crime drama
12,Talk show
13,Musical film
14,Nature documentary
15,Dramatic programming
16,Drama
17,Action fiction; Television comedy
18,Anthology; Comedy; Slapstick
19,Variety show
20,Musical theatre
21,Documentary
22,Drama (film and television)
23,Mockumentary
24,Crime drama; Psychological thriller; Serial drama
25,Science fiction
26,Fantasy; Science fiction
27,Digital collectible card game
28,War film
29,Comedy horror
30,Biographical film
31,Dramatic programming; Romance film
32,Alternate history; Historical drama
33,Biography film; Drama film
34,Animated series
35,Thriller film
36,Documentary film
37,Fantasy comedy
38,Action fiction; Drama (film and television); Thriller (genre)
39,Sketch comedy
40,Western (genre)
41,Historical drama
42,True crime
43,Romance film; Telenovela
44,Comedy
45,Medical drama; Serial (radio and television)
46,Legal drama
47,Television special
48,Adventure (genre); Comedy-drama; Urban fantasy
49,Superhero film
50,Action film; Science fiction; Superhero film
51,Comedy; News; Satire
52,Action-adventure game
53,Sketch comedy; Variety show
54,Biographical film; Drama (film and television)
55,Comedy (drama)
56,Comedy film
57,Horror film; Slasher film
58,Comedy drama; Crime film
59,Family film; Television special
60,Action film; Adventure film; Drama (film and television); Science fiction; Superhero fiction
61,Drama (film and television); Romance film; Science fiction film
62,Sports
63,Film score
64,Reality television
65,Entertainment; Parody; Reality television; Talent show
66,Platform game
67,Professional wrestling
68,Horror fiction; Science fiction; Young adult fiction
69,Romantic comedy
70,Action film; Adventure film; Drama (film and television); Superhero fiction
71,Action fiction; Adventure fiction; Drama (film and television); Superhero fiction
72,Action film; Adventure fiction; Drama (film and television); Superhero fiction
73,Action fiction; Adventure; Fantasy; Science fiction; Superhero fiction; Tokusatsu
74,Disaster film
75,Superhero fiction; Tokusatsu
76,Fantasy film
77,Action (fiction); Adventure fiction; Comedy; Crime fiction; Drama; Science fiction
78,Action-adventure game; Stealth game
79,Horror film
80,Alternative metal; Funk metal; Progressive rock
81,Game show
82,Legal drama; Mystery fiction; Police procedural
83,Comedy drama; Fantasy film; Supernatural fiction
84,First-person shooter
85,Drama; Thriller (genre)
86,Soap opera
87,Crime film
88,Martial arts film
89,Action fiction; Adventure; Children's Television Series; Science-Fiction; Time Travel
90,Science fiction film
91,Action fiction; Adventure; Fantasy; Superhero fiction; Tokusatsu
92,Video journalism
93,Horror fiction; Mockumentary
94,Biographical drama; Political drama; Political thriller
95,Anthology series; Comedy; Slapstick
96,Interactive movie
97,Animation; Drama; Family
98,Situational comedy
99,Sketch show
100,Thriller (genre)
101,Fantasy; Science fiction; Wuxia
102,Drama (film and television); War film
103,Drama (Film and television)
104,Animation; Comedy film
105,Fantasy
106,Role-playing video game
107,Crime film; Drama (film and television); Thriller film
108,Absurdist fiction; Medical drama; Paranormal television; Psychological drama; Supernatural horror
109,Action film; Historical fiction; Martial arts film
110,Comedy; Costume drama
111,Satire; Sketch comedy
112,Suspense film; Telenovela; Thriller (genre)
113,Sitcom; Slapstick
114,Comedy; Documentary
115,Documentary film; Drama
116,Mystery film
117,Crime thriller; Romantic drama
118,Comedy film; Fantasy film
119,Action film; Crime drama
120,Public affairs (broadcasting)
121,Action fiction; Horror fiction
122,Cringe comedy; Situation comedy
123,Action fiction; Superhero fiction
124,Crime drama; Mystery fiction
125,Drama; Time travel
126,Drama (film and television); Horror fiction; Mystery fiction; Supernatural fiction; Thriller (genre)
127,Melodrama; Romance film
128,Action (genre); Comedy; Science fantasy; Superhero fiction
129,Family drama; Soap Opera; Sports drama
130,Animation; Comedy; Fantasy
131,Crime drama; Science fiction
132,Crime thriller
133,Collectible card game; Digital collectible card game
134,Dramatic programming; Financial thriller
135,Children's film; Comedy film; Fantasy film
136,Education
137,Drama (film and television); Police procedural
138,Police procedural
139,Children's television series; Fantasy fiction
140,Historical drama; Martial arts film
141,Drama; Science fantasy; Suspense; Teen drama
142,Adventure game; Racing video game
143,Science fiction; Television comedy
144,Teen drama
145,Action film; Disaster film; Thriller (genre)
146,Crime film; Thriller (genre)
147,Mecha; Science fiction
148,Action (genre); Adventure (genre); Science fantasy; Superhero fiction
149,Superhero fiction; Thriller (genre); Tokusatsu
150,Documentary; Longitudinal study
151,Medical drama
152,Racing video game
153,Drama (genre)
154,Biography; Dramatic programming
155,Action (genre); Science fiction; Superhero fiction
156,Fantasy fiction; Superhero fiction; Tokusatsu
157,Comedy drama; Musical film; Romance film; War film
158,Romantic drama; Science fiction; Telenovela
159,Chat show
160,Action fiction; Horror fiction; Science fiction; Superhero fiction; Supernatural fiction; Tokusatsu
161,Adventure; Comedy
162,Action-adventure game; First-person shooter
163,Black comedy; Crime comedy; Mockumentary; Sitcom
164,Comedy film; Romance film; Teen film
165,Crime film; Drama film; Mystery film
166,Children's television series
167,Period drama
168,Crime; Drama; Political thriller
169,Action fiction; Drama (film and television); Mystery fiction
170,Drama (film and television); Romance film
171,Television documentary
172,Biography; Drama
173,Costume drama; Historical fiction; Soap opera; Wuxia
174,Drama (film and television); Teen drama; Television comedy
175,Action (fiction); Adventure film; Mystery film; Period drama; Science fantasy
176,Children
177,Fantasy; Horror fiction; Kaiju; Kyodai Hero; Science fiction; Superhero fiction; Tokusatsu
178,Drama (film and television); Fantasy
179,Improvisational comedy
180,Preschool
181,Comedy drama; Legal drama
182,Situation Comedy
183,Surreal humor
184,Drama; Science fiction
185,Action-adventure game; Survival horror
186,Entertainment
187,Adventure fiction; Fantasy fiction; Literary adaptation
188,Documentary; Reality TV
189,Comedy; Reality television; Variety show
190,Action film; Adventure; Kaiju; Superhero fiction; Tokusatsu
191,Docufiction; Drama
192,Costume drama
193,Black comedy; Insult comedy; Rant; Review; Sketch comedy; Surreal humor; Toilet humour
194,Historical drama; Serial (radio and television); Western (genre)
195,Crime fiction
196,Family drama; Romance film
197,Biopic
198,Black comedy; Cringe comedy; Political satire
199,Christmas film
200,Action (fiction); Dramatic programming
201,Adventure game
202,Crime drama; Police procedural
203,Action fiction; Adventure fiction; Kaiju; Kyodai Hero; Science fiction; Superhero fiction; Tokusatsu
204,Children's; Comedy; Slapstick
205,Serial drama
206,Improvisational theatre
207,LGBT
208,Japanese television drama
209,Action film; Fantasy film; Musical film; Superhero fiction; Supernatural; Tokusatsu
210,Interactive television
211,Family drama; Slice of life; Telenovela
212,Costume drama; Detective fiction; Fantasy
213,Action fiction; Adventure fiction; Science fantasy; Superhero fiction
214,Music
215,Adventure; Drama; Fantasy; Sci-Fi; Superhero fiction; Tokusatsu
216,Comedy; Drama
217,Adventure; Drama; Folklore
218,Docudrama; Documentary film
219,Public affairs programming
220,Drama film; Mystery (fiction); Thriller (genre)
221,Drama film; Period drama; Romance film; War film
222,Animation; Educational television; Puppet show; Sketch comedy
223,Drama film; Mystery film; Romance film
224,Collectible card game
225,Documentary television series
226,Card game
227,Drama (film and television); Music; Romance film
228,Drama; Romance film
229,Black comedy; Situation comedy
230,Comedy film; Romance film
231,Tower defense
232,Drama; Telenovela
233,Cyberpunk; Isekai; Kaiju; Kyodai Hero; Science fiction; Superhero fiction; Tokusatsu
234,Comedy; Sitcom
235,Reality television; Sports
236,Comedy; Telenovela
237,Comedy; Talk show
238,Adventure film; Drama film
239,Horror fiction
240,Documentary film; Television news magazine
241,Action fiction; Comedy-drama; Horror fiction; Satire
242,Comedy; Reality show; Variety show
243,Action fiction; Adventure fiction; Mystery fiction; Science fiction; Superhero fiction
244,Apocalyptic and post-apocalyptic fiction
245,Documentary film; History; Science; Space exploration
246,Animated cartoon; Sitcom
247,Horror fiction; Suspense
248,Comedy drama; Fantasy
249,Current affairs (news format)
250,Horror comedy
251,Documentary; History
252,Black comedy; Mystery fiction; Psychological horror; Psychological thriller; Sitcom
253,Action-adventure; Cyberpunk; Dystopian fiction; Post-apocalyptic; Science fiction
254,Drama; Erotica; Family
255,Science fiction; Sitcom
256,Drama (film and television); Romantic comedy
257,Comedy drama; Crime film; Paranormal
258,Crime fiction; Drama; Thriller film
259,Satire; Television comedy
260,Action (genre); Comedy drama; Fantasy; Horror fiction; Supernatural
261,Crime thriller; Drama (film and television)
262,News program
263,Comedy; Live-action
264,Broadcasting of sports events; Reality television
265,Documentary; Reality television
266,Tragedy
267,Drama (film and television); Thriller film
268,Crime; Drama; Mystery fiction
269,Morning show; News
270,Sport
271,Children's television series; Comedy; Musical fiction
272,Action film; Comedy; Detective fiction; Superhero fiction; Supernatural fiction; Tokusatsu
273,History of science
274,Mystery fiction; Police procedural
275,Historical drama film
276,Comedy; Mockumentary
277,Drama film; Erotica; Family; Romance film
278,Drama; Fantasy film; Mystery film; Teen
279,Melodrama
280,Horror fiction; Sitcom
281,Mystery fiction
282,Science
283,Biographical film; Comedy film; Drama film
284,Comedy; Fantasy; Steampunk
285,Beat 'em up; Hack and slash; Survival horror
286,Contemporary history
287,Drama; Romantic comedy
288,Comedy-drama
289,Historical fiction
290,Drama (film and television); Period drama
291,Action genre; Drama (film and television); Fantasy
292,Crime; Documentary
293,Action film; Romance film; Thriller (genre)
294,Turn-based strategy
295,Historical; Jidaigeki
296,Broadcasting of sports events
297,Domestic violence; Mental health
298,Improvisational; Mockumentary
299,Serial (radio and television)
300,Romantic drama
301,Comedy drama; Family film; Science fiction; Teen film
302,Chat show; Clip show
303,Parody; Satire
304,Comedy; Fantasy; Parody
305,Chinese New Year
306,Action film; Comedy drama
307,Action film; Drama
308,Documentary film; Reality television
309,Historical fiction; Romance film; Time-travel
310,List of reality television programs
311,Adventure game; Survival horror
312,Comedy; Drama; Fantasy; Romance film
313,Infotainment
314,Drama; Miniseries
315,Wuxia
316,Romance film; Teen film
317,Documentary television
318,Comedy; Drama; Teen
319,Period drama; Telenovela
320,Travel documentary
321,Action fiction; Adventure; Cyberpunk; Drama; Science fiction; Superhero fiction; Tokusatsu
322,Musical film; Teen film
323,Action (fiction); Dramatic programming; Police procedural
324,Futures studies
325,Drama; Horror film
326,Drama; Social
327,Family film; Melodrama; Revenge
328,Children's; Comedy
329,Black comedy; Comedy series; Parody; Satire
330,Comedy-drama; Fantasy
331,Dramatic programming; Romantic comedy
332,Adventure; Drama; Romance film; Telenovela
333,Action role-playing game; Fighting game
334,Action (fiction); Political thriller; Serial (radio and television); Suspense
335,Strategy video game
336,Animated series; Comedy; Slapstick
337,Comedy; Dramatic programming
338,Action fiction; Adventure fiction; Kaiju; Kyodai Hero; Sci-Fi; Superhero fiction; Tokusatsu
339,Action-adventure
340,Adventure fiction; Comedy; Slapstick
341,Factual television
342,Romantic comedy; Telenovela
343,Kaiju; Science fiction; Tokusatsu
344,Biography; Docudrama
345,Drama; Soap opera
346,Electronic music; Industrial hip hop; Trance music
347,Reality Television
348,Comedy film; Romance film; Science fiction film; Teen film
349,Drama; Psychological thriller
350,Drama film; Family film; Romance film
351,Historical drama; Medical drama
352,Biopic; Docudrama; Mystery fiction; Slasher film
353,Action (fiction); Dramatic programming; Mystery fiction; Romantic film
354,Dramedy
355,Comedy; Fantasy
356,Adventure; Historical Drama
357,Action film; Martial arts film
358,Action film; Comedy drama; Police drama; Slapstick; Superhero fiction; Tokusatsu
359,Reality show
360,Historical period drama; Political film; Romance film
361,Chat show; Sketch comedy
362,Fantasy; Romance film; Telenovela
363,Docudrama; Horror film
364,Television comedy
365,Adventure (genre); Comedy (genre); Teen film
366,Biblical epic
367,Comedy film; Drama film; Fantasy film; Teen drama; Telenovela
368,Drama; Telenovela; Thriller (genre)
369,Dark comedy; Drama
370,Adventure film; Fantasy film; Musical film; Teen film
371,Political drama
372,Action (fiction); Adventure film; Mystery fiction; Supernatural
373,Action film; Dramatic programming; Martial arts
374,Biblical; Historical Drama
375,Action (fiction); Comedy film; Science fiction
376,Drama film; Telenovela
377,Adventure fiction
378,Biopic; Drama (genre)
379,Musical film; Teen sitcom
380,Comedy horror; Fantasy; Superhero fiction; Supernatural fiction; Tokusatsu
381,Black comedy; Comedy horror; Satire (film and television); Slasher film; Surreal humour
382,Drama (film and television); Science fiction on television
383,Family drama; Romantic drama; Serial drama
384,Live television; Musical film; Romantic comedy
385,Action film; Comedy film
386,Lunar New Year
387,Family Drama; Romance film
388,Action fiction; Comedy; Fantasy; Superhero fiction; Tokusatsu
389,Kaiju; Kyodai Hero; Science fiction; Superhero fiction; Tokusatsu
390,Family drama; Romantic drama
391,Action film; Comedy drama; Cyberpunk; Medical drama; Science fiction; Superhero fiction; Tokusatsu
392,Mockumentary; Sitcom; Surreal comedy
393,Fantasy film; Musical film; Teen film
394,Drama; Historical fiction
395,Legal drama; Political drama
396,Drama; Social problem film
397,Country pop
398,Drama; Fantasy; Psychological; Thriller (genre)
399,Idle game; Point-and-click adventure
400,Point-and-click adventure game
401,Electronic dance music; Eurodance; Eurohouse
